epoch,step,mean_scores,policykl,loss_total,loss_policy,loss_value,entropy
0,0,0.0,0.0393153578042984,6.282403469085693,0.009401294402778149,12.546004295349121,1.6279211044311523
0,1,0.0,0.0015974089037626982,7.088645935058594,-0.0006199069903232157,14.178533554077148,1.3681056499481201
0,2,0.0,0.0006133471033535898,5.6737871170043945,0.0007382213952951133,11.346097946166992,1.2628982067108154
0,3,0.0,-0.001233594724908471,4.623476028442383,-0.0031827015336602926,9.253318786621094,1.942814826965332
0,4,0.0,9.08224901650101e-05,3.6235568523406982,-0.0006903618341311812,7.248494625091553,1.55533766746521
0,5,0.0,0.0008178867283277214,3.5080220699310303,-0.0005679508903995156,7.017180442810059,1.7418678998947144
0,6,0.0,7.901198114268482e-05,5.10236930847168,-0.0002354953612666577,10.20521068572998,1.126139521598816
0,7,0.0,-0.0003994237049482763,2.5119261741638184,-0.0010305870091542602,5.025914192199707,1.7276086807250977
0,8,0.0,-4.7274028474930674e-05,3.0006818771362305,-0.0005895785288885236,6.002542495727539,2.0551183223724365
0,9,0.0,3.125341754639521e-05,1.8131673336029053,-0.0007063231314532459,3.6277472972869873,1.9013861417770386
0,10,0.0,0.001227856962941587,3.956894636154175,-1.1905688552360516e-05,7.913813591003418,1.79267156124115
0,11,0.0,0.0035959086380898952,3.7640368938446045,0.0028148586861789227,7.522443771362305,1.7759002447128296
0,12,-0.02800000086426735,0.0006956173456273973,1.9716441631317139,-0.0005735551821999252,3.9444351196289062,2.375408887863159
0,13,0.0,0.0011858942452818155,2.9573445320129395,-0.0008079748949967325,5.916304588317871,1.5091785192489624
0,14,0.0,0.00046892528189346194,2.2556071281433105,-0.000601108418777585,4.512416362762451,1.5886296033859253
0,15,0.0,-0.00014684643247164786,1.8438715934753418,-0.00042556895641610026,3.688594341278076,1.5829232931137085
0,16,0.0,1.2315722415223718e-05,2.324615240097046,-0.0003560073091648519,4.649942398071289,2.23292875289917
0,17,0.0,0.0005305054946802557,1.6632174253463745,9.39888705033809e-05,3.326246976852417,1.4666379690170288
0,18,0.0,0.0011299101170152426,2.406283378601074,-0.00037162756780162454,4.813310623168945,1.9274009466171265
0,19,0.0,0.0017011252930387855,1.6147493124008179,-0.000508794269990176,3.230515956878662,2.0239417552948
0,20,0.0,0.009902048856019974,1.7431154251098633,-0.001358258305117488,3.488947629928589,2.195819616317749
0,21,0.0,0.0023780346382409334,1.3776605129241943,0.0005325950914993882,2.754255771636963,1.7933592796325684
0,22,0.0,-9.294708434026688e-05,1.6875340938568115,-3.17185404128395e-05,3.375131368637085,1.332426905632019
0,23,0.0,0.0023388992995023727,1.7380752563476562,-0.0016703129513189197,3.4794912338256836,1.885477900505066
0,24,0.0,1.1160892427142244e-05,1.888525366783142,-0.0004069041460752487,3.777864456176758,2.3880879878997803
0,25,0.0,0.0007621904369443655,2.2502288818359375,8.758192052482627e-06,4.50044059753418,2.025775671005249
0,26,0.0,2.3182339646155015e-05,2.417980670928955,-0.002479945309460163,4.840920925140381,1.5967769622802734
0,27,0.0,0.0008211321546696126,1.4345972537994385,-0.001101172063499689,2.871396780014038,1.7979495525360107
0,28,0.0,0.006610737647861242,1.33596932888031,-0.0005245943320915103,2.672987699508667,2.002387523651123
0,29,0.0,0.0010057126637548208,2.1534085273742676,-0.0005127940094098449,4.307842254638672,2.241434335708618
0,30,0.0,0.0004803857300430536,1.7860803604125977,-4.5688648242503405e-05,3.572252035140991,1.0617977380752563
0,31,0.0,-0.00208280305378139,2.2779669761657715,-0.0023562400601804256,4.560647010803223,1.716983675956726
0,32,0.0,0.00040472293039783835,1.4853882789611816,-0.0008671353571116924,2.972511053085327,2.467674970626831
0,33,0.0,0.005696659442037344,1.3899140357971191,-0.0023080511018633842,2.7844443321228027,2.6222035884857178
0,34,0.0,0.0007336118724197149,1.387434720993042,-0.0004473016015253961,2.775764226913452,1.6596587896347046
0,35,0.0,0.00022124871611595154,1.5908787250518799,0.00011803290544776246,3.18152117729187,2.127929925918579
0,36,0.0,0.0023907357826828957,1.0234116315841675,-0.003275189083069563,2.053373336791992,2.4703712463378906
0,37,0.0,0.0050205811858177185,1.1783350706100464,-0.002654908923432231,2.3619799613952637,1.9117677211761475
0,38,0.0,0.004258963279426098,1.6766074895858765,-0.0015855802921578288,3.356386184692383,2.533233642578125
0,39,0.0,0.0010923100635409355,1.1891405582427979,-0.0015147763770073652,2.3813109397888184,2.2533369064331055
0,40,0.0,0.00383349834010005,1.137620210647583,-0.0023434297181665897,2.2799272537231445,2.222723960876465
0,41,0.0,0.00046843005111441016,1.372664451599121,0.00022786720364820212,2.744873046875,1.4484601020812988
0,42,0.0,-0.0019412830006331205,1.4153757095336914,-0.0011442182585597038,2.8330399990081787,2.1747140884399414
0,43,0.0,0.0004062838852405548,1.4124979972839355,-0.0007181531982496381,2.826432704925537,2.1145713329315186
0,44,0.0,-0.0001711324293864891,0.8847712874412537,-0.0011780192144215107,1.771898627281189,2.2690038681030273
0,45,0.0,0.00044625482405535877,1.3437294960021973,-0.0003248004650231451,2.688108444213867,1.1991572380065918
0,46,0.0,-0.0002612094103824347,1.4249820709228516,-0.00036148144863545895,2.850687026977539,2.46515154838562
0,47,0.0,0.0006124256178736687,1.4974877834320068,0.00026051298482343554,2.994454860687256,2.1796460151672363
0,48,0.0,0.0010032281279563904,1.0272029638290405,-0.00019524258095771074,2.0547966957092285,2.439816951751709
0,49,0.0,0.00237745838239789,1.4798749685287476,-0.0009009354980662465,2.961552143096924,2.210749626159668
0,50,0.0,0.0008366936817765236,0.9197065830230713,0.0003586443781387061,1.8386958837509155,2.217703104019165
0,51,0.0,0.0003285759303253144,1.4324229955673218,0.000346343033015728,2.8641533851623535,1.9803788661956787
0,52,0.0,0.000591022428125143,1.804117202758789,-0.0005702176131308079,3.609375,2.232006549835205
0,53,0.0,0.002913850825279951,1.4445745944976807,9.910149674396962e-05,2.888951063156128,1.9029167890548706
0,54,0.0,-0.0003127174568362534,0.8522984385490417,-0.0003010854998137802,1.7051990032196045,1.8918265104293823
0,55,0.0,0.00010020424087997526,0.7061054110527039,0.0009229065617546439,1.4103649854660034,2.3050007820129395
0,56,0.0,0.0012954057892784476,0.728358268737793,-0.00072277314029634,1.4581621885299683,2.4110989570617676
0,57,0.0,-0.000793068204075098,1.6985249519348145,-0.00047662784345448017,3.398003101348877,1.154050588607788
0,58,0.0,-0.0008098053513094783,0.9060578346252441,-4.232124410918914e-05,1.8122004270553589,1.8001327514648438
0,59,0.0,0.0006270697340369225,0.9027647376060486,-0.00035898652276955545,1.8062474727630615,1.7176015377044678
0,60,0.0,-0.00027854982181452215,1.5246353149414062,-0.000342520244885236,3.0499558448791504,2.035869598388672
0,61,0.0,0.0018409988842904568,1.027307391166687,0.0009151783306151628,2.0527844429016113,2.6015784740448
0,62,0.0,0.0006216056644916534,1.4859250783920288,-0.00022978015476837754,2.9723098278045654,1.775309443473816
0,63,0.0,0.0010273429797962308,1.1827435493469238,-0.0011957758106291294,2.3678789138793945,2.8639914989471436
0,64,0.0,-0.24394160509109497,2.249669075012207,0.16238611936569214,4.17456579208374,2.434049367904663
0,65,0.0,0.0007440898334607482,1.0329217910766602,-0.0007342209573835135,2.067312240600586,2.1961803436279297
0,66,0.0,0.0014196735573932528,0.8959078788757324,-0.0012408951297402382,1.7942975759506226,2.855750560760498
0,67,0.0,0.0015451356302946806,0.6514374017715454,-0.0012238266644999385,1.305322527885437,2.544747829437256
0,68,0.0,0.0007240093545988202,0.7823852300643921,-0.0006826889584772289,1.5661358833312988,2.161745548248291
0,69,0.0,-0.005493241362273693,0.9231712222099304,-0.00014813870075158775,1.8466386795043945,2.9907186031341553
0,70,0.0,0.0010848104720935225,0.976284384727478,-0.0016358706634491682,1.9558404684066772,2.38430118560791
0,71,0.0,0.0002774356980808079,0.8403633832931519,-0.0005750021664425731,1.6818766593933105,2.305684804916382
0,72,0.0,0.0011940988479182124,1.241247296333313,-0.0005056203808635473,2.483505964279175,1.5265754461288452
0,73,0.0,-0.01766965724527836,0.8324422836303711,-0.004773690830916166,1.6744318008422852,2.2744369506835938
0,74,0.0,-0.00010553353786235675,1.2218310832977295,-0.0006752692861482501,2.4450125694274902,2.9204976558685303
0,75,0.0,0.0005758104380220175,1.0543506145477295,-0.0010997775243595243,2.110900402069092,2.444321870803833
0,76,0.0,0.0011372920125722885,0.9056338667869568,-0.0017310760449618101,1.814729928970337,2.200347900390625
0,77,0.0,-0.00046883587492629886,1.0691845417022705,-0.0003667425480671227,2.1391024589538574,1.9681670665740967
0,78,0.0,0.0003894369292538613,1.2900433540344238,-0.000129768144688569,2.58034610748291,2.446021795272827
0,79,0.0,-0.00032573469798080623,0.939850926399231,4.0295075450558215e-05,1.8796212673187256,2.550814628601074
0,80,0.0,0.0010190699249505997,1.1448255777359009,-0.0006325740832835436,2.2909162044525146,2.133789539337158
0,81,0.0,0.001100204768590629,1.2065304517745972,-0.0011134835658594966,2.415287971496582,2.2486233711242676
0,82,0.0,0.001482105813920498,1.0795354843139648,-0.0008930989424698055,2.1608569622039795,2.4616072177886963
0,83,0.0,0.0006826452445238829,0.9118129014968872,-0.0005473922938108444,1.8247206211090088,1.9887231588363647
0,84,0.0,-1.4273294937083847e-06,1.3259000778198242,3.102753544226289e-05,2.651738166809082,2.506265163421631
0,85,0.0,0.00011505529255373403,1.1863799095153809,-0.0005090531194582582,2.3737778663635254,2.6015000343322754
0,86,0.0,0.0007589830784127116,0.9288933277130127,-0.000924108549952507,1.8596348762512207,3.102970838546753
0,87,0.0,-0.000181174065801315,0.8266059756278992,-0.0020326576195657253,1.6572773456573486,2.847423553466797
0,88,0.0,0.00067482067970559,0.8952643275260925,-0.0010045998496934772,1.7925379276275635,2.115687608718872
0,89,0.0,0.0007234227377921343,0.7856627702713013,-0.0020077330991625786,1.575340986251831,2.2970657348632812
0,90,0.0,0.0005441289395093918,0.7839100360870361,-0.0006248296122066677,1.569069743156433,2.117988348007202
0,91,0.0,0.001162317581474781,0.4857707917690277,-0.0001557506329845637,0.9718531370162964,2.552751302719116
0,92,0.0,0.0007087450940161943,1.217018485069275,-0.00040272180922329426,2.434842586517334,2.3721389770507812
0,93,0.0,-0.002529391786083579,0.9291350245475769,-0.0014749255497008562,1.861219882965088,2.536309242248535
0,94,0.0,-4.7015928430482745e-06,1.0726264715194702,-0.0006294773193076253,2.1465117931365967,2.325516700744629
0,95,0.0,0.0006224180688150227,1.1791884899139404,-0.001052750158123672,2.3604822158813477,2.5838027000427246
0,96,0.0,0.000911019160412252,1.1179640293121338,-0.00032844406086951494,2.2365846633911133,2.013138771057129
0,97,0.0,5.829012479807716e-06,0.8710464239120483,-0.00031437037978321314,1.7427215576171875,2.5512256622314453
0,98,0.0,0.001508571906015277,0.7431086301803589,-0.0008553961524739861,1.4879279136657715,2.4189727306365967
0,99,0.0,-0.0007495955796912313,0.9538642764091492,-0.0007502163643948734,1.909229040145874,1.9592628479003906
0,100,0.0,0.00020986003801226616,0.9085357189178467,0.00020522071281448007,1.8166611194610596,2.1079530715942383
0,101,0.0,-0.0003572851128410548,0.6167818903923035,-0.0010391416726633906,1.2356419563293457,2.4636855125427246
0,102,0.0,2.1119001303304685e-06,1.0011825561523438,-0.0011683139018714428,2.004701614379883,2.034144878387451
0,103,0.0,-0.00018249043205287308,0.7297333478927612,-0.0009113760897889733,1.461289405822754,2.2477850914001465
0,104,0.0,0.0008394165779463947,0.5897886753082275,-0.00030574685661122203,1.180188775062561,2.454361915588379
0,105,0.0,8.702946797711775e-05,0.7413619756698608,-7.482082583010197e-05,1.4828734397888184,2.634006977081299
0,106,0.0,0.000635341857559979,0.726848304271698,-0.0008333558216691017,1.4553632736206055,2.7301435470581055
0,107,0.0,0.0002194675471400842,0.7016052007675171,-0.00010239649418508634,1.4034150838851929,2.0461668968200684
0,108,0.0,5.081539711682126e-05,1.2351188659667969,-0.0013472887221723795,2.4729323387145996,3.076489210128784
0,109,0.0,0.0007548109861090779,0.5036990642547607,-3.9758200728101656e-05,1.0074776411056519,2.209958076477051
0,110,0.0,-0.003320255782455206,0.9703948497772217,-0.0008039660751819611,1.9423975944519043,1.895870566368103
0,111,0.0,-0.0008635192061774433,0.6590392589569092,-0.0011913315393030643,1.3204612731933594,2.2751126289367676
0,112,1.0,0.0005377562483772635,0.7975315451622009,-0.0008496445370838046,1.5967624187469482,2.450345754623413
0,113,0.0,0.0006523296469822526,1.0348100662231445,-0.001519648707471788,2.0726592540740967,2.8714091777801514
0,114,0.0,0.00012648549454752356,0.6867095828056335,-0.00043172057485207915,1.3742825984954834,2.620274543762207
0,115,0.0,-0.000165376317454502,0.7373256087303162,-0.0002365834079682827,1.4751242399215698,2.5774383544921875
0,116,0.0,-0.0002209280210081488,0.7072626948356628,-0.0004931162111461163,1.4155116081237793,3.0342788696289062
0,117,0.0,-4.63231617686688e-06,1.0516942739486694,-0.001147330622188747,2.1056833267211914,2.125397205352783
0,118,0.0,-0.001564966980367899,0.6387124061584473,-0.001606642035767436,1.2806382179260254,2.908507823944092
0,119,0.0,0.00021122941689100116,1.107183814048767,-0.000360729027306661,2.2150893211364746,1.8320343494415283
0,120,0.0,0.00024291285080835223,1.1521241664886475,-0.00036727782571688294,2.3049826622009277,1.7948945760726929
0,121,0.0,0.0011899876408278942,0.44823357462882996,-0.0011701937764883041,0.8988075256347656,2.836548328399658
0,122,0.0,-0.00016783933097030967,0.6896902918815613,-0.0011294919531792402,1.3816394805908203,2.4730420112609863
0,123,0.0,0.0006408020853996277,0.919287919998169,-0.0013885579537600279,1.841352939605713,2.6389732360839844
0,124,0.0,0.0005634474800899625,0.9070652723312378,-0.0008849357254803181,1.8159003257751465,2.4421491622924805
0,125,0.0,0.0004898126935586333,0.513300895690918,3.8112142647150904e-05,1.0265254974365234,2.549004077911377
0,126,0.0,-0.004109587520360947,0.5003372430801392,-0.0011480273678898811,1.0029704570770264,2.8681418895721436
0,127,0.0,0.00013306966866366565,0.5964317321777344,-0.00018165723304264247,1.19322669506073,2.491206169128418
0,128,0.0,-0.0004673597286455333,0.7241644263267517,-0.0005529145710170269,1.4494346380233765,2.4168500900268555
0,129,0.0,-0.00024021248100325465,0.8699463605880737,-0.0012395123485475779,1.7423715591430664,2.4868369102478027
0,130,0.0,-0.00017282470071222633,0.5575509071350098,-0.00088404183043167,1.1168699264526367,2.3907933235168457
0,131,0.0,0.0035545360296964645,0.8633322715759277,0.0007304000901058316,1.7252038717269897,2.343400478363037
0,132,-0.01600000075995922,0.0006496666464954615,0.8039096593856812,-0.00027402618434280157,1.6083673238754272,3.0751233100891113
0,133,0.0,0.0009961139876395464,0.5825437307357788,-0.00021461343567352742,1.16551673412323,2.9322662353515625
0,134,0.0,-7.693249790463597e-05,0.4907432794570923,-0.00031389386276714504,0.982114315032959,2.8195533752441406
0,135,0.0,-0.0007508322596549988,0.6863189935684204,-0.00041752803372219205,1.373473048210144,2.114722967147827
0,136,0.0,-0.0010398125741630793,0.6398063898086548,-0.0005700596375390887,1.2807528972625732,2.591468095779419
0,137,0.0,-0.0014213131507858634,0.830216109752655,-0.0001601613184902817,1.6607526540756226,2.578418731689453
0,138,0.0,0.00012218182382639498,0.515290379524231,-0.00039792293682694435,1.031376600265503,2.140130043029785
0,139,0.0,0.0006056653219275177,0.919435977935791,-0.0005920619005337358,1.8400561809539795,1.5984833240509033
0,140,0.0,-4.894222365692258e-05,0.5852231383323669,-0.0014639802975580096,1.1733744144439697,2.255565881729126
0,141,0.0,-0.00037040701135993004,0.7803047895431519,-0.0006004129536449909,1.5618102550506592,2.388106346130371
0,142,0.0,3.29299145960249e-05,0.42535966634750366,-0.0015201829373836517,0.8537597060203552,2.2722508907318115
0,143,0.0,-0.000305481837131083,0.7436838150024414,-0.0007885312661528587,1.4889447689056396,2.1367392539978027
0,144,0.0,-5.220802268013358e-05,0.8737266063690186,-0.0005779826315119863,1.7486093044281006,2.73638916015625
0,145,0.0,0.000435949390521273,0.8588914275169373,-0.0009710158919915557,1.7197248935699463,2.571373462677002
0,146,0.0,0.0005176686681807041,0.6508876085281372,-0.0014049806632101536,1.3045850992202759,2.413722515106201
0,147,0.0,-0.0006257096538320184,0.790597677230835,-0.0001056394976330921,1.581406593322754,2.498093366622925
0,148,0.0,0.005410578101873398,1.4498159885406494,-0.001840995973907411,2.903313636779785,2.5175695419311523
0,149,-0.0020000000949949026,0.0002581032458692789,0.47975146770477295,-0.001058169873431325,0.9616193175315857,2.988440990447998
0,150,0.0,0.0005089135374873877,0.46072110533714294,0.00016438441525679082,0.9211133718490601,2.0804319381713867
0,151,0.0,0.0010624000569805503,1.2796785831451416,-0.0013295242097228765,2.562016248703003,2.4076709747314453
0,152,-0.03200000151991844,0.0005311035201884806,0.45830661058425903,-0.0006259087240323424,0.917864978313446,3.22477126121521
0,153,0.0,0.0013702732976526022,0.8368439078330994,-0.0005716721061617136,1.6748311519622803,2.1548306941986084
0,154,0.0,-0.0011107490863651037,0.6131784915924072,-0.0007181883556768298,1.2277934551239014,3.4139204025268555
0,155,0.0,0.0007668373873457313,0.4072657823562622,-0.0008962940191850066,0.8163241744041443,3.0269951820373535
0,156,0.0,-0.00018478493439033628,0.4567815661430359,0.00010199151438428089,0.9133591055870056,2.4768316745758057
0,157,0.0,0.001494973199442029,0.42884814739227295,-0.0001620512193767354,0.8580204248428345,3.0481677055358887
0,158,-0.004000000189989805,0.00209987023845315,0.6187384128570557,-0.0008893918129615486,1.2392557859420776,3.1843173503875732
0,159,0.0,0.0008134371601045132,0.509246289730072,1.673691440373659e-05,1.0184590816497803,2.46222186088562
0,160,0.0,-1.841248376877047e-05,0.7165831327438354,-0.0006650115246884525,1.434496283531189,2.049941062927246
0,161,0.0,0.0010565947741270065,0.8329863548278809,0.00040094260475598276,1.665170669555664,1.7998175621032715
0,162,0.0,0.00021592690609395504,0.5921207666397095,0.00022716236708220094,1.183787226676941,2.387570858001709
0,163,0.0,0.0004710754146799445,0.46668732166290283,-0.0012076857965439558,0.9357900619506836,2.385960102081299
0,164,-0.20000000298023224,0.0038476153276860714,0.7574803829193115,-0.0005818216013722122,1.5161244869232178,0.82237309217453
0,165,0.0,-0.0001635451044421643,0.7105005979537964,-0.0006560670444741845,1.4223132133483887,1.691048502922058
0,166,0.0,0.0005781058571301401,0.6215842962265015,0.00031664600828662515,1.2425353527069092,2.348541259765625
0,167,0.0,0.0008545077289454639,0.9244031310081482,0.00022272058413363993,1.8483607769012451,2.4122982025146484
0,168,0.0,0.0009561700280755758,0.5021665096282959,0.00027249331469647586,1.0037882328033447,2.560307264328003
0,169,0.0,0.0008402491803281009,0.5669906139373779,0.00041072009480558336,1.1331597566604614,2.474884033203125
0,170,0.0,0.0013988785212859511,0.6884012222290039,-0.0014058018568903208,1.3796141147613525,2.673233985900879
0,171,0.0,0.0012445366010069847,0.5325052738189697,-0.0013424934586510062,1.0676954984664917,3.3206005096435547
0,172,0.0,0.0006354349898174405,0.43762320280075073,0.0002230807876912877,0.8748002052307129,3.187204122543335
0,173,0.0,-0.0004145316779613495,0.9399251937866211,0.0003096013970207423,1.8792312145233154,2.9250619411468506
0,174,0.0,0.0017996596870943904,0.6581752300262451,-0.0008042467525228858,1.3179590702056885,2.704340696334839
0,175,0.0,0.005079455673694611,0.7914773225784302,-0.00013667868915945292,1.5832279920578003,2.3280491828918457
0,176,0.0,-0.00078217638656497,0.5753921270370483,-0.001088001299649477,1.152960181236267,2.860182523727417
0,177,0.0,0.0004890875425189734,0.6289626955986023,-0.0012049131328240037,1.2603352069854736,2.3125696182250977
0,178,0.0,0.0024002976715564728,0.5985526442527771,-0.0026643709279596806,1.2024340629577637,2.789865016937256
0,179,0.0,-0.03651323541998863,0.7117568254470825,0.01516682468354702,1.3931798934936523,1.7556833028793335
0,180,0.0,0.002026062924414873,0.6686798930168152,-0.002548995427787304,1.3424577713012695,3.3724169731140137
0,181,0.0,0.0008812948362901807,0.93608558177948,-0.002212327904999256,1.8765957355499268,2.8197944164276123
0,182,0.0,-0.0007950534345582128,0.6079211235046387,-0.0009502963512204587,1.217742919921875,3.2434773445129395
0,183,0.0,0.0038367058150470257,0.6221507787704468,-0.0012544532073661685,1.2468104362487793,3.423379421234131
0,184,0.0,0.005984961986541748,0.6009747982025146,-0.0010827245423570275,1.2041151523590088,2.738046407699585
0,185,0.0,0.0015046809567138553,0.5022881031036377,-0.0001321937161264941,1.004840612411499,2.9865221977233887
0,186,0.0,0.0015690348809584975,0.3334586024284363,-0.001125037670135498,0.6691672801971436,1.7486985921859741
0,187,0.0,0.0008453847840428352,0.6463547945022583,-0.00012943096226081252,1.2929682731628418,1.694728136062622
0,188,0.3257142901420593,0.002064452040940523,0.6933150291442871,-0.000677021685987711,1.387984037399292,1.8281786441802979
0,189,0.15000000596046448,0.0022856146097183228,0.7005691528320312,0.0005603250465355814,1.4000177383422852,3.192373752593994
0,190,0.0,0.0014585095923393965,0.593704342842102,-0.0006499368464574218,1.1887085437774658,3.3113040924072266
0,191,0.0,-0.0009366482263430953,0.5858845710754395,-0.0008984694723039865,1.1735661029815674,2.7543158531188965
0,192,0.0,-0.0005082771531306207,0.47582122683525085,-0.00047376155271194875,0.9525899887084961,2.4025065898895264
0,193,-0.012000000104308128,-0.0005096314707770944,0.5124962329864502,-0.0012806484010070562,1.0275537967681885,3.582051992416382
0,194,0.0,-0.00033156838617287576,0.49924612045288086,0.0005664514610543847,0.9973593950271606,2.546729564666748
0,195,0.0,-0.0013026556698605418,0.47515222430229187,-0.0018123992485925555,0.9539293050765991,2.536998748779297
0,196,0.24568966031074524,0.00015808756870683283,0.5551736354827881,-0.0005888842279091477,1.1115249395370483,3.0851783752441406
0,197,0.0,-0.007679295726120472,0.4838345944881439,-0.005067893769592047,0.9778050184249878,2.4565062522888184
0,198,0.0,0.0007332241511903703,0.6389795541763306,-9.187810064759105e-05,1.2781429290771484,2.723849058151245
0,199,0.0,-0.0004991624155081809,0.8009018898010254,-0.0005324078374542296,1.6028687953948975,2.9239277839660645
0,200,0.0,0.0024894792586565018,0.8214572668075562,-0.001997363055124879,1.646909475326538,2.612206220626831
0,201,0.0,-0.0018382519483566284,0.39875277876853943,-0.0022023669444024563,0.8019102811813354,3.2591187953948975
0,202,0.0,0.02069740742444992,0.6147094964981079,0.002369706053286791,1.2246794700622559,2.953977584838867
0,203,0.0,-0.013082422316074371,0.5998620390892029,-0.004573180340230465,1.2088704109191895,3.2603681087493896
0,204,0.0,-0.00045054496149532497,0.5079076290130615,-0.001103136921301484,1.018021583557129,2.872091054916382
0,205,0.0,0.0019987360574305058,0.5013149976730347,-0.0005025540012866259,1.003635048866272,2.3341853618621826
0,206,0.1090909093618393,0.004540184512734413,0.5692417025566101,-0.0012568854726850986,1.1409971714019775,2.087653160095215
0,207,0.23499999940395355,0.0027876021340489388,0.6653876304626465,-0.0018333552870899439,1.3344420194625854,2.9728848934173584
0,208,0.0,0.0009552728733979166,0.4012352228164673,-0.00033071660436689854,0.8031319379806519,3.128626585006714
0,209,0.0,-3.138924512313679e-06,0.7453511953353882,-0.0007998970104381442,1.4923022985458374,2.4726996421813965
0,210,0.0,0.0021544441115111113,0.872977614402771,-0.0006833434454165399,1.7473219633102417,2.906146764755249
0,211,0.0,0.001885544741526246,0.7413344383239746,-0.0027042950969189405,1.4880774021148682,2.248555898666382
0,212,0.0,0.0005124864401295781,0.38854119181632996,-0.0007641936535947025,0.7786108255386353,2.5625529289245605
0,213,0.0,-2.585729816928506e-05,0.5518057942390442,-0.0004446274833753705,1.1045007705688477,2.9103763103485107
0,214,0.0,0.0006542248884215951,0.9123018980026245,-0.0003793794894590974,1.8253625631332397,0.5905389785766602
0,215,0.0,0.003248542081564665,0.8443700671195984,-0.0005891256732866168,1.6899183988571167,3.1677956581115723
0,216,0.0,0.0011124858865514398,0.5703265070915222,-0.0003441016306169331,1.1413410902023315,2.9354896545410156
0,217,0.15882353484630585,0.0031609057914465666,0.637458324432373,0.0003279258671682328,1.2742607593536377,3.1697793006896973
0,218,0.0,0.0007923493976704776,0.49416133761405945,-0.000526577583514154,0.9893758296966553,3.3674769401550293
0,219,0.205263152718544,-1.3370727174333297e-05,0.7699941396713257,-0.0012923836475238204,1.5425728559494019,2.322300672531128
0,220,0.2992857098579407,-0.0013501457870006561,0.6779849529266357,-0.0037254448980093002,1.363420844078064,2.4803829193115234
0,221,0.0,-0.025868069380521774,0.7704340815544128,-0.01165763195604086,1.5641834735870361,1.940124273300171
0,222,0.0,0.0014568970073014498,0.8863123655319214,-0.0006799044786021113,1.7739843130111694,2.5278353691101074
0,223,0.0,-0.0015043278690427542,0.6861140131950378,-0.0012257706839591265,1.3746795654296875,2.917170524597168
0,224,0.25205883383750916,0.004705430939793587,0.8802134394645691,-0.0021833586506545544,1.7647936344146729,3.1532952785491943
0,225,0.21521739661693573,0.0023196458350867033,1.0793111324310303,0.0017064425628632307,2.155209541320801,1.6040589809417725
0,226,0.2083333283662796,0.0018723143730312586,1.0273396968841553,0.0032869752030819654,2.048105478286743,1.778069019317627
0,227,-0.019680850207805634,0.0018629413098096848,0.5358991622924805,-0.0010446024825796485,1.073887586593628,1.3403557538986206
0,228,0.17195121943950653,0.014056896790862083,0.8657042384147644,-0.004459615331143141,1.7403277158737183,1.2907670736312866
0,229,0.2668604552745819,0.0025493507273495197,1.3101752996444702,-0.002199444454163313,2.624749183654785,2.239227771759033
0,230,0.1875,-0.010468943975865841,0.8943888545036316,-0.005348071455955505,1.799473762512207,1.1934165954589844
0,231,-0.11500000208616257,0.00013720481365453452,0.31638792157173157,-0.004045251291245222,0.6408663988113403,0.6632764339447021
0,232,0.122465118765831,2.5653111151768826e-05,0.7792209386825562,-0.0017125129234045744,1.5618669986724854,1.1284985542297363
0,233,-0.02199999988079071,0.0014263608027249575,0.4817427396774292,-0.001746180816553533,0.9669779539108276,1.6327314376831055
0,234,0.007333333138376474,0.0004764511832036078,0.795417308807373,-0.002143912250176072,1.5951225757598877,0.9543883800506592
0,235,0.1855263113975525,0.003092649392783642,0.7771400809288025,-0.001110265962779522,1.5565006732940674,2.0007424354553223
0,236,-0.10199999809265137,0.0014284828212112188,0.49662503600120544,-0.00010139679943677038,0.993452787399292,1.1949317455291748
0,237,0.0,0.002040750812739134,0.6555682420730591,-0.0004892119322903454,1.312114953994751,3.829476833343506
0,238,0.24204544723033905,0.0013431382831186056,0.5390844345092773,-0.0018678479827940464,1.081904649734497,1.6780996322631836
0,239,-0.12800000607967377,0.0008842974784784019,0.4052245318889618,-0.0005052570486441255,0.8114595413208008,1.5450239181518555
0,240,-0.014999999664723873,0.0004472250584512949,0.3678770959377289,0.00010590449528535828,0.7355422973632812,1.4059722423553467
0,241,0.15870535373687744,-0.0012390416814014316,0.7569427490234375,-0.0006334040081128478,1.5151523351669312,1.1738251447677612
0,242,-0.1379999965429306,0.0008728899993002415,0.4550553262233734,-0.0029964111745357513,0.9161034822463989,1.0440502166748047
0,243,0.0,-0.001197402598336339,0.8204993009567261,-0.0012327020522207022,1.6434638500213623,1.1102749109268188
0,244,0.1920367032289505,0.0008996566757559776,0.4396612048149109,-0.0011877892538905144,0.8816980123519897,2.123605728149414
0,245,0.08699999749660492,0.0015925674233585596,0.5558050870895386,-0.0029647413175553083,1.117539644241333,1.4996250867843628
0,246,-0.04399999976158142,0.00041438936023041606,0.34856462478637695,-0.0011390398722141981,0.6994074583053589,1.247233271598816
0,247,0.004918032791465521,0.0005237552104517817,0.7275840640068054,0.0009424913441762328,1.4532830715179443,1.0271282196044922
0,248,-0.06300000101327896,0.0027684427332133055,0.8748763799667358,0.00039325596299022436,1.748966097831726,1.783879041671753
0,249,-0.125,0.0005828411085531116,0.3635494112968445,-0.0019962252117693424,0.7310912609100342,0.9561939239501953
0,250,0.0,0.002287621609866619,0.9592257738113403,-0.002955133793875575,1.9243617057800293,1.765763282775879
0,251,0.18139535188674927,0.0006109453970566392,0.27943193912506104,-0.0037118622567504644,0.566287636756897,1.185760259628296
0,252,-0.08816666901111603,0.0012029040371999145,0.43873900175094604,-0.0035528603475540876,0.8845838308334351,0.583470344543457
0,253,0.13306452333927155,0.0022178778890520334,0.39864659309387207,-0.002095510484650731,0.8014842867851257,1.7769880294799805
0,254,0.11933333426713943,-0.008302783593535423,0.4450948238372803,0.00044249993516132236,0.8893046379089355,1.9552381038665771
0,255,0.18000000715255737,-0.009661063551902771,0.4553869962692261,-0.00498047424480319,0.9207350015640259,1.6447548866271973
0,256,0.22142857313156128,-0.0012478303397074342,0.46990782022476196,-0.005086981225758791,0.9499895572662354,0.9744876623153687
0,257,-0.18799999356269836,-0.0011583640007302165,0.3139209449291229,-0.002639002865180373,0.6331199407577515,0.6994916796684265
0,258,-0.14399999380111694,-0.007040874101221561,0.47329628467559814,-0.003069738857448101,0.9527320861816406,0.9929081797599792
0,259,0.0,-0.0005568250780925155,0.6098668575286865,-0.00039983654278330505,1.2205334901809692,1.284496784210205
0,260,0.0853448286652565,0.0004354395787231624,0.3733670115470886,-0.0013415267458185554,0.7494170665740967,1.0036637783050537
0,261,0.07328571379184723,0.0008713718852959573,0.30777406692504883,-0.007170416414737701,0.6298890113830566,1.2284111976623535
0,262,0.08571428805589676,0.0002859623054973781,0.3002718687057495,-0.003318361472338438,0.6071804761886597,0.8469023108482361
0,263,0.0,0.0005259364261291921,0.8009343147277832,-0.0018491230439394712,1.6055669784545898,3.771895408630371
0,264,-0.006000000052154064,0.009924209676682949,0.6675650477409363,-0.009443018585443497,1.3540160655975342,0.6819785833358765
0,265,0.1875,-0.001119374530389905,0.4738503396511078,-0.004842809401452541,0.9573862552642822,0.7671682834625244
0,266,0.04214285686612129,-0.0008610575459897518,0.15120552480220795,-0.001800802070647478,0.3060126304626465,0.3989706039428711
0,267,-0.1143491119146347,0.0005823916289955378,0.2691011130809784,-0.0026648982893675566,0.5435320138931274,0.569600522518158
0,268,0.07500000298023224,0.0010962942615151405,0.14991837739944458,-0.0017434039618819952,0.30332356691360474,0.6569005846977234
0,269,-0.19361701607704163,-0.0006265343981795013,0.1329226791858673,-0.004441781900823116,0.274728924036026,0.30398672819137573
0,270,0.10691489279270172,-0.0006272062310017645,0.3361045718193054,-0.002515562577173114,0.677240252494812,0.9142305850982666
0,271,0.08975409716367722,-0.0005081002600491047,0.18211375176906586,-0.0009659993229433894,0.36615949869155884,0.49132341146469116
0,272,0.02500000037252903,0.00021219269547145814,0.14234113693237305,-0.0009582952479831874,0.2865988612174988,0.670516848564148
0,273,0.08749999850988388,-0.0016959782224148512,0.2065470665693283,-0.000236979074543342,0.4135681092739105,1.0787057876586914
0,274,0.09444444626569748,0.00016394640260841697,0.27463293075561523,-0.0017514213686808944,0.5527687072753906,0.4387436509132385
0,275,0.17307692766189575,-0.001760796527378261,1.3950154781341553,-0.0017509236931800842,2.7935328483581543,1.4908818006515503
0,276,0.11413043737411499,0.0006869751960039139,0.3479437828063965,-0.0029772543348371983,0.7018420696258545,0.9328573942184448
0,277,0.052941177040338516,-0.0012861923314630985,0.15962103009223938,-0.0025095900055021048,0.32426124811172485,0.406799852848053
0,278,0.19285714626312256,-2.5030924007296562e-05,0.1854339838027954,-0.0012622890062630177,0.3733925521373749,0.5484697818756104
0,279,0.0,-0.0022560153156518936,0.550041675567627,-0.0015734219923615456,1.1032302379608154,1.0347156524658203
0,280,0.23475609719753265,0.00010287787881679833,0.23212367296218872,9.035830589709803e-05,0.46406662464141846,0.7952618598937988
0,281,-0.11710526049137115,0.00032655821996740997,1.1282556056976318,-0.0012369983596727252,2.2589850425720215,0.38544607162475586
0,282,-0.07500000298023224,0.00030110072111710906,0.43446022272109985,-0.0033435337245464325,0.8756074905395508,0.8357894420623779
0,283,0.0,0.0002164537290809676,0.45584481954574585,0.000420742726419121,0.9108481407165527,1.8877997398376465
0,284,0.2740909159183502,0.00029671896481886506,0.2192346751689911,-0.00028408796060830355,0.4390375316143036,0.44497865438461304
0,285,0.0,0.0003750004107132554,0.5223428010940552,-0.0011230339296162128,1.0469316244125366,2.7738800048828125
0,286,0.07500000298023224,-0.0025728726759552956,0.23766963183879852,-0.0060953302308917046,0.4875299334526062,0.5572434663772583
0,287,0.0,0.0011288446839898825,0.23429898917675018,-0.0007657277164980769,0.47012943029403687,1.0901949405670166
0,288,0.0,-0.0001317878777626902,0.3033241629600525,-0.002606310648843646,0.6118608713150024,0.5707069635391235
0,289,0.10000000149011612,-0.000160659066750668,0.22646871209144592,8.99576916708611e-05,0.45275747776031494,1.0025298595428467
0,290,0.0,0.0004359171725809574,0.2758776843547821,-0.002126157283782959,0.5560076236724854,0.5550611019134521
0,291,0.1875,-0.0035515353083610535,0.12857460975646973,-0.0028691240586340427,0.26288747787475586,0.860139787197113
0,292,0.22636842727661133,-0.008818252012133598,1.0302391052246094,-0.005826701410114765,2.072131633758545,4.092629909515381
0,293,-0.10051020234823227,2.7027758164877014e-07,0.16849355399608612,-9.741162648424506e-05,0.3371819257736206,0.45582443475723267
0,294,-0.11500000208616257,-4.197185626253486e-05,0.132652148604393,-0.00077041209442541,0.26684513688087463,0.2934500575065613
0,295,0.0,-0.0005926272715441883,0.37063318490982056,0.00020689694792963564,0.7408525347709656,2.5104689598083496
0,296,0.11158536374568939,-9.005937317851931e-05,0.2905673384666443,-0.0017150212079286575,0.5845646858215332,0.6935211420059204
0,297,0.02167300321161747,0.0012742523103952408,0.1563778817653656,-0.001436901744455099,0.3156295418739319,0.6612616181373596
0,298,0.17022472620010376,0.003981956280767918,0.9876025915145874,-0.005857169162482023,1.9869194030761719,1.0063142776489258
0,299,0.09000000357627869,0.0012834178050979972,0.20018649101257324,-0.002333221258595586,0.4050394296646118,0.5952088236808777
0,300,0.10192307829856873,0.00012669757416006178,0.17011551558971405,-0.0011789866257458925,0.34258899092674255,0.39260873198509216
0,301,0.0,-0.00020400359062477946,0.2774287164211273,-0.0002543828450143337,0.5553662180900574,0.3479948043823242
0,302,0.08516949415206909,-0.0001661885471548885,0.1277320832014084,0.0005870516179129481,0.25429007411003113,0.35310298204421997
0,303,0.2544117569923401,-7.546653796453029e-05,0.16509997844696045,-0.00033708810224197805,0.33087417483329773,0.47495192289352417
0,304,0.15833333134651184,0.0016611804021522403,0.0873517245054245,-0.0021102610044181347,0.17892396450042725,0.4580105245113373
0,305,0.08076923340559006,0.0008239732123911381,0.26785194873809814,-0.0023499084636569023,0.5404037237167358,0.3265535533428192
0,306,0.0,-0.0003164900408592075,0.37352073192596436,-0.003696897067129612,0.7544352412223816,0.17743253707885742
0,307,0.16578947007656097,-1.4075003491598181e-05,0.3223603665828705,-0.003561819903552532,0.6518443822860718,0.27331170439720154
0,308,0.23534482717514038,0.005068514496088028,0.08360424637794495,-0.0034313653595745564,0.17407123744487762,0.6791255474090576
0,309,0.0,0.0002079039695672691,0.3824072778224945,-0.0002010268362937495,0.7652165293693542,0.35590291023254395
0,310,0.024793388321995735,-0.0001215706579387188,0.14152857661247253,-0.001611812855117023,0.2862807512283325,0.3246951401233673
0,311,-0.16956521570682526,4.629239265341312e-05,0.4773187041282654,-0.00027269485872238874,0.9551827311515808,0.3409746289253235
0,312,0.0,0.00045607099309563637,0.3831444978713989,0.000533312326297164,0.765222430229187,0.49608731269836426
0,313,0.15000000596046448,-5.077868263470009e-05,0.10578742623329163,-0.0002491261111572385,0.21207311749458313,0.723823070526123
0,314,0.10833333432674408,0.00010261188435833901,0.13634830713272095,0.0003905548364855349,0.2719154953956604,0.3639150559902191
0,315,0.0,-0.00022334342065732926,0.13646861910820007,-0.0011474002385511994,0.2752320468425751,0.309523344039917
0,316,-0.19599999487400055,-0.00015888037160038948,0.0848047286272049,-0.0004824385396204889,0.1705743372440338,0.3447117805480957
0,317,0.16249999403953552,-0.00013334389950614423,0.11516156047582626,-0.0004872784484177828,0.23129767179489136,0.7164028882980347
0,318,0.007894736714661121,-0.00035378040047362447,0.15026113390922546,-0.0007448383839800954,0.3020119369029999,0.5996993780136108
0,319,0.0,-6.304155249381438e-05,0.19190405309200287,-0.0009357330272905529,0.38567957282066345,0.37595629692077637
0,320,-0.10402097553014755,-0.0003594697336666286,0.21386921405792236,-0.0004465366655495018,0.4286314845085144,0.37753915786743164
0,321,0.15000000596046448,2.5907098461175337e-05,0.09019117802381516,-0.0007645326550118625,0.1819114089012146,0.47405683994293213
0,322,0.0,2.0052597392350435e-05,0.3406769037246704,-0.0012324408162385225,0.6838186979293823,0.8130348920822144
0,323,0.09078947454690933,-0.0010657646926119924,0.11930839717388153,-0.0029571119230240583,0.2445310354232788,0.31236013770103455
0,324,0.2574324309825897,-0.0007550669834017754,0.08582320064306259,-0.0003737183869816363,0.1723938286304474,0.5401930212974548
0,325,0.09807692468166351,-0.00028049980755895376,0.150361567735672,-0.00030873913783580065,0.30134063959121704,0.5952052474021912
0,326,0.07500000298023224,0.00021125827333889902,0.26977744698524475,-0.00033538482966832817,0.540225625038147,0.3866536617279053
0,327,0.10646852850914001,-0.0006500922609120607,0.17137864232063293,-0.0016440749168395996,0.34604543447494507,0.45580947399139404
0,328,0.10420353710651398,-0.0003423991147428751,0.165202796459198,-0.0016663435380905867,0.3337382674217224,0.4673660695552826
0,329,0.0,-0.00040979532059282064,0.28077805042266846,-0.0007561113452538848,0.5630683898925781,0.9594046473503113
0,330,0.09239130467176437,-0.00031122082145884633,0.06370216608047485,-7.149758312152699e-05,0.12754732370376587,0.489702433347702
0,331,0.08804348111152649,9.1869143943768e-05,0.10566040873527527,-0.0008780809002928436,0.21307697892189026,0.3653031587600708
0,332,0.09601911157369614,-0.0006836242391727865,0.12571699917316437,-0.0021522657480090857,0.2557385563850403,0.3603409230709076
0,333,-0.089967742562294,-0.00047517026541754603,0.050723373889923096,-0.0009990823455154896,0.10344491899013519,0.23977141082286835
0,334,0.014814814552664757,-0.00020261788449715823,0.12993375957012177,-0.0003146192175336182,0.26049673557281494,0.29800868034362793
0,335,-0.1921052634716034,-0.0005451905308291316,0.10261932015419006,-0.0030167836230248213,0.2112722247838974,0.19927522540092468
0,336,-0.026470588520169258,0.00028294697403907776,0.06260555237531662,-0.00074175646295771,0.12669461965560913,0.31770655512809753
0,337,-0.15399999916553497,-3.622872463893145e-05,0.23905979096889496,-0.0004080805229023099,0.47893577814102173,0.3384561538696289
0,338,1.0310344696044922,-2.4231499992311e-05,0.09823356568813324,-0.000720870855730027,0.19790884852409363,0.3087939918041229
0,339,0.0,-0.00010792371176648885,0.287966787815094,-0.00028625159757211804,0.5765060782432556,0.46053457260131836
0,340,0.0,-0.00019205737044103444,0.2314123809337616,-0.0012434645323082805,0.4653116464614868,0.27525031566619873
0,341,-0.20000000298023224,0.0004104070249013603,0.3659200668334961,-0.004838188178837299,0.7415164709091187,0.2252771109342575
0,342,-0.010363636538386345,-0.0007816131110303104,0.10692489147186279,-0.001421731198206544,0.21669325232505798,0.26685819029808044
0,343,-0.09736363589763641,-0.0002899261307902634,0.21782879531383514,-0.0010687971953302622,0.43779516220092773,0.22670668363571167
0,344,0.08289473503828049,0.0005367014091461897,0.10802984237670898,-0.0032900162041187286,0.22263972461223602,0.4676433801651001
0,345,-0.10192307829856873,-2.0712968762381934e-05,0.20819315314292908,-0.001411702949553728,0.41920971870422363,0.5052640438079834
0,346,0.09398733824491501,8.046107541304082e-05,0.12606273591518402,-0.00028109256527386606,0.25268763303756714,0.21025627851486206
0,347,0.07797029614448547,0.00010506773105589673,0.15315109491348267,0.00030121428426355124,0.30569973587989807,0.16112011671066284
0,348,-0.11409091204404831,-0.00014161071158014238,0.1562848687171936,-0.0004293214005883783,0.3134284019470215,0.16594895720481873
0,349,-0.10249999910593033,0.00021783230477012694,0.1601424515247345,-0.000837023719213903,0.3219589591026306,0.47953280806541443
0,350,-0.10277777910232544,-0.001186424633488059,0.14683277904987335,-0.0035168323665857315,0.3006992042064667,0.3023237884044647
0,351,0.011278195306658745,-0.00046092545380815864,0.06675072014331818,-0.0024334373883903027,0.13836830854415894,0.19571790099143982
0,352,-0.013636363670229912,-0.0005122552975080907,0.0770285502076149,-0.001776150893419981,0.15760940313339233,0.24664823710918427
0,353,0.0,4.893109871773049e-05,0.07607284188270569,-0.0006877453997731209,0.15352119505405426,0.20346534252166748
0,354,-0.125,-0.0002658152370713651,0.10474662482738495,-0.0007816322613507509,0.21105651557445526,0.15171048045158386
0,355,-0.19166666269302368,-0.0003653514140751213,0.13642975687980652,-0.0021241321228444576,0.27710777521133423,0.17584195733070374
0,356,0.09868421405553818,0.0001534027687739581,0.11219365894794464,-0.0005070859915576875,0.22540149092674255,0.2244468629360199
0,357,0.0,-0.0002218875742983073,0.17428013682365417,-0.0009580937912687659,0.3504764437675476,0.7659474611282349
0,358,0.2603474259376526,-0.00021012447541579604,0.14071324467658997,-0.001986971590667963,0.2854004204273224,0.4443315863609314
0,359,0.012765957042574883,-0.00017417757771909237,0.1029190868139267,-0.0003463486209511757,0.2065308690071106,0.19521108269691467
0,360,0.16764706373214722,-0.00024604512145742774,0.05822993814945221,8.051673648878932e-05,0.1162988469004631,0.22356918454170227
0,361,-0.125,-0.00021676026517525315,0.17443987727165222,-0.0009751440957188606,0.3508300185203552,0.16252383589744568
0,362,-0.09285714477300644,0.0003271273453719914,0.23341023921966553,-0.0012994133867323399,0.46941933035850525,0.25872981548309326
0,363,0.09032846987247467,2.4666005629114807e-05,0.01994793489575386,-0.0010707953479140997,0.04203745722770691,0.1982993483543396
0,364,0.02222222276031971,0.00012900246656499803,0.2515634298324585,-0.0009641554206609726,0.5050551891326904,0.33148011565208435
0,365,-0.11508264392614365,0.0001547203864902258,0.035801734775304794,0.00010995809861924499,0.07138355076313019,0.21398472785949707
0,366,0.09318181872367859,4.43172684754245e-05,0.050893522799015045,0.0002198726579081267,0.10134729743003845,0.2578602731227875
0,367,0.18409091234207153,0.00034074377617798746,0.5561796426773071,-0.0003501477767713368,1.1130595207214355,0.9008051753044128
0,368,0.12115384638309479,0.00010945192479994148,0.08772461116313934,-0.00047482652007602155,0.1763988733291626,0.35547539591789246
0,369,0.08749999850988388,-0.00025178102077916265,0.040517307817935944,-0.0015127178048714995,0.08406004309654236,0.15547288954257965
0,370,0.10357142984867096,-0.0001394372811773792,0.05594448372721672,-0.0004831763217225671,0.11285531520843506,0.29380595684051514
0,371,0.17000000178813934,0.0003827943583019078,0.12451346218585968,-0.0015158755704760551,0.2520586848258972,0.42402419447898865
0,372,0.16463415324687958,7.633704808540642e-05,0.14081597328186035,0.00011022684338968247,0.2814114987850189,0.2763214707374573
0,373,-0.11749999970197678,-0.0010316529078409076,0.14143666625022888,-0.00368076516315341,0.29023486375808716,0.19455686211585999
0,374,0.15975609421730042,3.720347649505129e-06,0.09189347922801971,-0.0002875455829780549,0.1843620389699936,0.26039445400238037
0,375,0.19411765038967133,0.00015860283747315407,0.11561676114797592,-0.001014246605336666,0.23326203227043152,0.5009706616401672
0,376,0.0,-0.0002551191137172282,0.16194115579128265,-0.000584194902330637,0.3250506818294525,0.33938056230545044
0,377,-0.07045454531908035,7.732730591669679e-05,0.09049564599990845,-0.00016619314556010067,0.18132369220256805,0.18938541412353516
0,378,-0.10100000351667404,0.00014626083429902792,0.7878150343894958,-0.0004997602081857622,1.576629638671875,0.18532972037792206
0,379,-0.10999999940395355,-0.0005592072266153991,0.08339940011501312,-0.002363440115004778,0.17152568697929382,0.1972242295742035
0,380,0.08749999850988388,0.0006794507498852909,0.14145278930664062,0.00015723868273198605,0.2825911045074463,0.7063415050506592
0,381,0.08205882459878922,-0.00012632943980861455,0.04523637145757675,-5.4271717090159655e-05,0.09058128297328949,0.19136874377727509
0,382,0.08409091085195541,-0.0002446559374220669,0.03890518099069595,-0.0009368198807351291,0.07968400418758392,0.21987371146678925
0,383,0.0,0.00012693113239947706,0.05904223024845123,9.055239934241399e-05,0.11790335178375244,0.2785056531429291
0,384,0.09008380025625229,-0.0005160779692232609,0.07177003473043442,-0.00032310583628714085,0.14418628811836243,0.2964521646499634
0,385,0.0,0.0009253373136743903,1.3382654190063477,0.0010988878784701228,2.674333095550537,1.0107085704803467
0,386,0.0,6.358392420224845e-05,0.19494891166687012,-0.001125577138736844,0.39214903116226196,0.8179820775985718
0,387,0.08076923340559006,0.00014926439325790852,0.12072530388832092,0.00013854249846190214,0.24117353558540344,0.46184879541397095
0,388,-0.18920862674713135,-0.00012813968351110816,0.023412752896547318,-0.001484098844230175,0.049793701618909836,0.15530896186828613
0,389,0.11048386991024017,-7.321414159378037e-05,0.06699098646640778,0.00034983985824510455,0.13328228890895844,0.48391425609588623
0,390,-0.1170634925365448,-0.00016533891903236508,0.1266743689775467,-0.0010958134662359953,0.2555403709411621,0.09127652645111084
0,391,0.0,0.0007208694005385041,0.13790163397789001,-7.195575744844973e-05,0.2759471833705902,0.5174679756164551
0,392,0.09224137663841248,1.3500226486939937e-05,0.07622715085744858,-0.00036782093229703605,0.15318994224071503,0.2770909070968628
0,393,0.10227272659540176,-0.0002706140512600541,0.04743828624486923,-0.0008199496078304946,0.09651646018028259,0.2035290002822876
0,394,0.0,-0.0007552294409833848,0.11700388789176941,-0.0005355836474336684,0.23507896065711975,0.8048443794250488
0,395,-0.1872340440750122,-8.010143938008696e-05,0.05728035792708397,0.00035841981298290193,0.1138438731431961,0.18314960598945618
0,396,-0.20000000298023224,0.0018347263103350997,2.9108614921569824,0.0004210792831145227,5.820880889892578,0.3080482482910156
0,397,-0.11166666448116302,0.00037391710793599486,0.04984872788190842,-0.0008835808257572353,0.10146461427211761,0.2600749135017395
0,398,0.25681817531585693,-0.00026432820595800877,0.12619879841804504,0.00022076471941545606,0.2519560754299164,0.5498363375663757
0,399,-0.14473684132099152,0.00023816089378669858,0.06718872487545013,-0.0004904063534922898,0.13535825908184052,0.18979762494564056
0,400,-0.20000000298023224,-1.0020153240475338e-05,0.02263418398797512,-0.0003636210167314857,0.04599561542272568,0.0847855806350708
0,401,-0.0029230769723653793,-0.0003523880150169134,0.05214416980743408,0.0010575097985565662,0.1021733209490776,0.28130611777305603
0,402,-0.20000000298023224,0.0005948615144006908,0.5098620653152466,-3.392698272364214e-05,1.0197919607162476,0.16584661602973938
0,403,0.0,-4.2382715037092566e-05,0.15741123259067535,-0.0008231597021222115,0.3164687752723694,0.5829757452011108
0,404,-0.21400000154972076,0.00011482351692393422,0.23628032207489014,0.0002088129986077547,0.4721430242061615,0.32427287101745605
0,405,0.19285714626312256,0.00011646386701613665,0.10125382244586945,-7.221797568490729e-05,0.20265206694602966,0.28965795040130615
0,406,-0.11151685565710068,5.5094220442697406e-05,0.425178587436676,-0.00032483902759850025,0.8510068655014038,0.253226637840271
0,407,0.0,0.00012444122694432735,0.07660283148288727,-0.0002501252165529877,0.1537059098482132,0.25565338134765625
0,408,0.10227272659540176,-0.0008393508614972234,0.04688933119177818,-0.002965535968542099,0.09970973432064056,0.32268762588500977
0,409,-0.20000000298023224,-0.0007247200119309127,0.0775652751326561,-0.004517102148383856,0.16416476666927338,0.12897425889968872
0,410,-0.11275510489940643,-4.741707743960433e-05,0.13693077862262726,8.086262823780999e-05,0.2736998200416565,0.1301361322402954
0,411,0.0,-6.627629045397043e-05,0.07991821318864822,-0.00015842814173083752,0.16015328466892242,0.19633132219314575
0,412,-0.11887755244970322,0.0004128623695578426,0.0483320951461792,-0.0009752001496963203,0.09861459583044052,0.13080939650535583
0,413,-0.1166083887219429,9.291763490182348e-06,0.059015706181526184,-0.0006766497390344739,0.11938472092151642,0.1903005838394165
0,414,0.0,-8.915448415791616e-05,0.12039005756378174,-0.0011916537769138813,0.24316343665122986,0.31743955612182617
0,415,0.10961538553237915,-0.0002047017915174365,0.1152099072933197,0.00017742448835633695,0.2300649732351303,0.7609789371490479
0,416,-0.20000000298023224,-1.2099530067644082e-05,0.015872638672590256,4.733161040348932e-05,0.031650613993406296,0.06888654083013535
0,417,0.01764705963432789,-2.5473322239122353e-05,0.0533561185002327,-0.00042073149234056473,0.10755369067192078,0.13448938727378845
0,418,0.15895523130893707,-1.0002500857808627e-05,0.1468106359243393,-0.0005573364906013012,0.29473596811294556,0.21061323583126068
0,419,0.0,1.1135562090203166e-05,0.10728961229324341,0.00019920285558328032,0.2141808122396469,0.27057504653930664
0,420,0.11785714328289032,5.356537803891115e-05,0.06344129890203476,-0.0006837390828877687,0.12825007736682892,0.2791805863380432
0,421,0.01875000074505806,1.8737822529146797e-06,0.050639908760786057,0.0006013747188262641,0.1000770553946495,0.2684040069580078
0,422,-0.11136363446712494,-0.00013271337957121432,0.0465879961848259,-0.00016740127466619015,0.09351079165935516,0.19744321703910828
0,423,0.011363636702299118,0.0002994747192133218,0.068646140396595,-0.0010157745564356446,0.13932383060455322,0.24334239959716797
0,424,0.01970802992582321,-0.00012900671572424471,0.028487801551818848,0.0006998488679528236,0.0555759072303772,0.25340914726257324
0,425,-0.10205882042646408,3.935381755582057e-05,0.04265844076871872,-0.00017954956274479628,0.08567597717046738,0.1920539140701294
0,426,0.09000000357627869,-4.7335983254015446e-05,0.24004124104976654,-0.0002086848544422537,0.48049983382225037,0.6237750053405762
0,427,0.1639534831047058,0.000260395638179034,0.09044121205806732,-0.0014888070290908217,0.18386003375053406,0.27992379665374756
0,428,0.17790697515010834,0.0003578741743694991,0.20671099424362183,-0.0016671776538714767,0.4167563319206238,0.4025450646877289
0,429,-0.055642858147621155,4.674795491155237e-05,0.06700077652931213,0.000498501060064882,0.1330045461654663,0.32746297121047974
0,430,0.16836734116077423,-0.0006619793712161481,0.4020329415798187,0.00024702903465367854,0.8035718202590942,0.6230946779251099
0,431,0.0,-0.0002913463395088911,0.06413408368825912,-0.0013720643473789096,0.13101229071617126,0.17818433046340942
0,432,-0.20000000298023224,-0.00014365205424837768,0.027439450845122337,-0.0015039711724966764,0.057886846363544464,0.0848369300365448
0,433,-0.11093749850988388,-0.000294612895231694,0.04984324425458908,0.00033809716114774346,0.09901028871536255,0.21576645970344543
0,434,0.10880281776189804,-3.674475374282338e-05,0.06848063319921494,-0.0003368062898516655,0.13763487339019775,0.40032514929771423
0,435,0.1772727221250534,-0.00026945670833811164,0.4115362763404846,0.0006934711709618568,0.8216855525970459,0.4193514287471771
0,436,-0.10277777910232544,-0.00013869174290448427,0.1624850481748581,0.00014873090549372137,0.3246726393699646,0.1800924837589264
0,437,-0.20000000298023224,0.00023525519645772874,0.023470241576433182,-0.0004418305470608175,0.04782414436340332,0.13414177298545837
0,438,0.1744897961616516,-7.939383067423478e-06,0.15207050740718842,-0.00015136113506741822,0.30444371700286865,0.527007520198822
0,439,0.0960526317358017,-7.494858436984941e-05,0.04798963665962219,-0.00019699129916261882,0.09637325257062912,0.2379738688468933
0,440,-0.11388888955116272,0.00021151077817194164,0.30686482787132263,-0.0007002386264503002,0.6151300668716431,0.41217121481895447
0,441,0.16323529183864594,0.00013641524128615856,0.05603846535086632,-0.0007960972143337131,0.11366911977529526,0.20942282676696777
0,442,0.0,-8.836672350298613e-05,0.07634146511554718,-0.00014454044867306948,0.1529720276594162,0.11331376433372498
0,443,0.0,-8.060687105171382e-05,0.03745671734213829,-0.00012441189028322697,0.07516225427389145,0.1950729787349701
0,444,0.09435483813285828,-0.0001409575779689476,0.03433282673358917,7.028698018984869e-05,0.06852507591247559,0.184201180934906
0,445,0.1681395322084427,7.836746226530522e-05,0.07167389988899231,0.00018014429952017963,0.14298750460147858,0.2347709834575653
0,446,0.10227272659540176,-5.80961859668605e-05,0.10301254689693451,-0.0009660466457717121,0.2079571783542633,0.2658333480358124
0,447,0.07756410539150238,2.521853821235709e-05,0.13842938840389252,-0.00013526623661164194,0.27712929248809814,0.11490330100059509
0,448,-0.20000000298023224,0.00025262811686843634,0.03369054198265076,-0.0003943443298339844,0.06816977262496948,0.10440217703580856
0,449,0.0,0.0003161369822919369,0.10974570363759995,3.536308940965682e-05,0.2194206714630127,0.8441687822341919
0,450,0.0972222238779068,0.0002931240014731884,0.028103679418563843,-0.0002876338257919997,0.05678262934088707,0.2230297327041626
0,451,0.10499999672174454,3.0198825697880238e-05,0.07671526819467545,-0.0005539224366657436,0.1545383781194687,0.1758236140012741
0,452,0.0,0.00015477988927159458,0.05694413185119629,-0.00031063781352713704,0.11450954526662827,0.37373071908950806
0,453,-0.11933962255716324,-0.00032318191369995475,0.0235343836247921,-0.0010780233424156904,0.04922480881214142,0.13872000575065613
0,454,0.08749999850988388,-6.929676601430401e-05,0.04956180974841118,-0.0005130108911544085,0.10014965385198593,0.18276885151863098
0,455,0.01097560953348875,1.5542565961368382e-05,0.03256818279623985,-0.001157550374045968,0.06745146960020065,0.19074396789073944
0,456,-0.12303921580314636,-0.00027434664661996067,0.04024647921323776,-0.0008477610535919666,0.08218847215175629,0.11160553991794586
0,457,-0.20000000298023224,5.470882751978934e-05,0.022007053717970848,-0.001302085816860199,0.046618275344371796,0.10307756066322327
0,458,-0.20000000298023224,-0.00019047604291699827,0.01760118640959263,-0.0021138000302016735,0.03942997381091118,0.08011408895254135
0,459,-0.014000000432133675,-0.00032525681308470666,0.09761213511228561,0.00022095632448326796,0.19478236138820648,0.19130991399288177
0,460,0.18000000715255737,0.00011116688256151974,0.08396046608686447,0.00033888843609020114,0.16724315285682678,0.28027817606925964
0,461,-0.025581395253539085,-0.00012697806232608855,0.049057237803936005,9.167093958240002e-05,0.0979311391711235,0.16156497597694397
0,462,0.07500000298023224,-3.938962618121877e-05,0.11986754834651947,-0.0007324243779294193,0.24119994044303894,0.1740485280752182
0,463,0.08571428805589676,-0.0007683716248720884,0.12429511547088623,2.5854340492514893e-05,0.248538538813591,0.5257481336593628
0,464,0.09435483813285828,4.578769949148409e-05,0.07761688530445099,-0.00011439053196227178,0.15546256303787231,0.23647640645503998
0,465,0.0799180343747139,2.001026223297231e-05,0.023709647357463837,-0.00016763518215157092,0.04775456711649895,0.1673632711172104
0,466,0.0,-0.002165650250390172,0.2486802190542221,-0.003377499058842659,0.5041154623031616,0.30027836561203003
0,467,-0.11202702671289444,-7.539443322457373e-05,0.03325720131397247,-0.0017705982318148017,0.07005560398101807,0.15482741594314575
0,468,0.1884615421295166,9.63146158028394e-06,0.05295296758413315,-0.0006353188073262572,0.10717656463384628,0.36973345279693604
0,469,-0.11465517431497574,0.00029369856929406524,0.14369529485702515,-0.0013983864337205887,0.29018735885620117,0.14632363617420197
0,470,0.0,0.00045550940558314323,0.1310550570487976,6.043918983777985e-05,0.2619892358779907,0.6492938995361328
0,471,0.17499999701976776,-3.0737755878362805e-05,0.15188544988632202,-0.000402504054363817,0.3045758903026581,0.18824440240859985
0,472,-0.04925806447863579,3.833259688690305e-05,0.059742521494627,-0.00023815358872525394,0.11996134370565414,0.17827269434928894
0,473,-0.11689189076423645,6.353168282657862e-05,0.027268465608358383,-0.0005011213361285627,0.055539172142744064,0.1944563090801239
0,474,0.07500000298023224,2.539842898841016e-05,0.12162720412015915,0.00012130265531595796,0.24301180243492126,0.4043949246406555
0,475,0.0,0.00035027574631385505,0.13241958618164062,0.0001485324464738369,0.2645421326160431,0.29827457666397095
0,476,0.0,0.0011796789476647973,0.969169557094574,0.0001325377234024927,1.9380741119384766,0.5947421789169312
0,477,-0.20000000298023224,-8.651587995700538e-05,0.0426180437207222,-0.0011185075854882598,0.08747310936450958,0.08538752049207687
0,478,-0.20000000298023224,0.00033147563226521015,0.2295403927564621,-0.000603723106905818,0.46028822660446167,0.18844124674797058
0,479,-0.20000000298023224,-0.00013025227235630155,0.023930147290229797,-0.0002680664765648544,0.048396430909633636,0.06832978129386902
0,480,0.07500000298023224,-0.0006855639512650669,0.1454847753047943,0.00014115127851255238,0.29068723320961,0.2397255152463913
0,481,0.07500000298023224,-0.00014250384992919862,0.04956872761249542,-0.0003506435896269977,0.0998387485742569,0.22821658849716187
0,482,-0.20000000298023224,-2.5475868824287318e-05,0.018782056868076324,-0.00025153858587145805,0.03806719183921814,0.06766678392887115
0,483,-0.20000000298023224,0.015579520724713802,1.1100149154663086,-0.005918917246162891,2.231867551803589,0.24378347396850586
0,484,0.09348341077566147,-0.00034863859764300287,0.18472395837306976,-8.353016892215237e-05,0.36961495876312256,0.32211968302726746
0,485,-0.20000000298023224,0.004964787047356367,7.333671569824219,-0.0074702417477965355,14.682283401489258,0.2861585021018982
0,486,-0.10657894611358643,-3.396034298930317e-05,0.10845005512237549,-0.0003247494460083544,0.21754960715770721,0.1777593344449997
0,487,0.0,-0.00023163201694842428,0.09598438441753387,-0.0013047209940850735,0.19457820057868958,0.2733219563961029
0,488,-0.20000000298023224,-3.6114692193223163e-05,0.048621729016304016,-0.000949065841268748,0.09914159029722214,0.14454762637615204
0,489,0.0,-7.2089342211256735e-06,0.20805059373378754,-0.0004726430051960051,0.4170464873313904,0.16267447173595428
0,490,-0.20000000298023224,-0.0002569117641542107,0.061340294778347015,0.00026176340179517865,0.12215705215930939,0.12715379893779755
0,491,-0.20000000298023224,0.000162280019139871,0.16393068432807922,-0.0005119160050526261,0.32888519763946533,0.24076461791992188
0,492,-0.20000000298023224,4.979813456884585e-05,0.022978773340582848,-0.00022487924434244633,0.0464073121547699,0.07483497262001038
0,493,0.16249999403953552,2.504146505089011e-05,0.0521964393556118,-0.0008482750272378325,0.10608943551778793,0.18490591645240784
0,494,-0.20000000298023224,5.10667814523913e-05,0.1043359637260437,-0.0005352271837182343,0.20974239706993103,0.1943473219871521
0,495,-0.20000000298023224,8.830236038193107e-05,0.03650415688753128,-0.0004706784093286842,0.0739496722817421,0.06798923760652542
0,496,0.11999999731779099,-1.4394177924259566e-05,0.07121795415878296,-0.00029370246920734644,0.1430233120918274,0.1515495479106903
0,497,-0.20000000298023224,0.0009440841968171299,0.6917239427566528,-0.0015899126883596182,1.3866276741027832,0.20856164395809174
0,498,-0.20000000298023224,-0.0002896034566219896,0.025774769484996796,-0.0009046357008628547,0.053358808159828186,0.11989297717809677
0,499,-0.20000000298023224,0.00022151826124172658,0.015542766079306602,-0.0011724433861672878,0.03343041613698006,0.07074826955795288
0,500,-0.20000000298023224,-0.00013109715655446053,0.08228273689746857,-0.0007846631342545152,0.1661348044872284,0.20911608636379242
0,501,0.10000000149011612,4.902021464658901e-05,0.10558934509754181,-0.00034015753772109747,0.21185898780822754,0.28333330154418945
0,502,-0.20000000298023224,-0.00034048451925627887,0.016068557277321815,-0.001211924129165709,0.03456096351146698,0.18829268217086792
0,503,-0.20000000298023224,0.0001379955210722983,0.03417958319187164,-0.000355247117113322,0.06906965374946594,0.11573999375104904
0,504,-0.20000000298023224,2.792588566080667e-05,0.056635551154613495,-3.735068821697496e-05,0.11334579437971115,0.21400600671768188
0,505,0.0,0.001560441916808486,0.06971731036901474,-0.0013208109885454178,0.1420762538909912,0.6469393968582153
0,506,-0.20000000298023224,0.00024237709294538945,0.06249907240271568,-0.0005692010745406151,0.12613655626773834,0.21604856848716736
0,507,-0.20000000298023224,-0.0003286844294052571,0.024501359090209007,-0.002877650549635291,0.054758019745349884,0.07860803604125977
0,508,0.0,-0.0002415581257082522,0.25815391540527344,-0.00073664216324687,0.517781138420105,0.3031967580318451
0,509,-0.20000000298023224,-2.5170467779389583e-05,0.09087765216827393,-0.0006413121009245515,0.1830379217863083,0.24483411014080048
0,510,-0.20000000298023224,-0.0009194317972287536,0.05790967494249344,-0.004905476700514555,0.12563030421733856,0.2225170135498047
0,511,-0.20000000298023224,3.523369014146738e-05,0.013253822922706604,-0.0003490951785352081,0.02720583602786064,0.15736089646816254
0,512,0.0,-0.0001839746837504208,0.17954163253307343,-0.0005678698653355241,0.36021900177001953,0.24271641671657562
0,513,-0.20000000298023224,-0.0004929829156026244,0.031247150152921677,-0.0036146757192909718,0.06972365081310272,0.10143415629863739
0,514,0.0,-0.0003590257838368416,0.3367421627044678,-0.0002973641094285995,0.6740790605545044,0.17809411883354187
0,515,0.029032258316874504,0.00037327531026676297,0.08816736936569214,-0.0002378742501605302,0.17681048810482025,0.23862379789352417
0,516,0.11100000143051147,-0.0003737276419997215,0.023727450519800186,-0.00012837277608923614,0.047711651772260666,0.19119802117347717
0,517,-0.18476922810077667,-4.947036723024212e-05,0.03936423733830452,-0.0024899765849113464,0.08370842039585114,0.11772879958152771
0,518,-0.20000000298023224,-0.0003483099862933159,0.04838979244232178,-0.004245709627866745,0.10527100414037704,0.06596982479095459
0,519,-0.20000000298023224,-1.403014721290674e-05,0.0181255079805851,-0.000140837742947042,0.0365326888859272,0.04987277835607529
0,520,-0.20000000298023224,0.0001378589222440496,0.14175808429718018,0.00042473533540032804,0.2826666831970215,0.2193116992712021
0,521,-0.20000000298023224,0.0001150128518929705,0.014172283932566643,-0.0003643913078121841,0.029073353856801987,0.15171292424201965
0,522,-0.20000000298023224,0.00010440844926051795,0.012399552389979362,0.0003015943802893162,0.024195916950702667,0.05178537964820862
0,523,-0.1940000057220459,-3.720079985214397e-05,0.027558602392673492,-7.149136945372447e-05,0.05526018887758255,0.15198177099227905
0,524,-0.20000000298023224,-0.00014202210877556354,0.037223562598228455,-0.0003939726739190519,0.07523506879806519,0.21925686299800873
0,525,-0.20000000298023224,-4.843163333134726e-05,0.01249542087316513,-3.2538140658289194e-05,0.025055918842554092,0.05285593122243881
0,526,-0.20000000298023224,-7.074146560626104e-05,0.009252909570932388,-2.4745764676481485e-05,0.018555311486124992,0.10591799020767212
0,527,-0.20000000298023224,-4.847978561883792e-05,0.028356846421957016,-0.0011149566853418946,0.05894360691308975,0.0569281242787838
0,528,-0.20000000298023224,-7.131258462322876e-05,0.004556804429739714,-0.0005331083084456623,0.010179825127124786,0.11654232442378998
0,529,-0.20000000298023224,0.00010595865023788065,0.005438433028757572,-0.0006547431694343686,0.012186352163553238,0.12189554423093796
0,530,-0.20000000298023224,-0.00010625791037455201,0.004294400103390217,-0.0002637668512761593,0.009116334840655327,0.12687622010707855
0,531,-0.20000000298023224,-4.1234226955566555e-05,0.007169391959905624,-0.00015831243945285678,0.014655409380793571,0.16542679071426392
0,532,-0.20000000298023224,0.001154166180640459,0.34680163860321045,-0.00203028810210526,0.6976639032363892,0.19676178693771362
0,533,-0.20000000298023224,-0.00041344529017806053,0.059913650155067444,-0.0005830017616972327,0.12099330127239227,0.1869720220565796
0,534,-0.20000000298023224,-4.836622247239575e-05,0.00369466794654727,-0.002210449194535613,0.011810233816504478,0.07223483920097351
0,535,-0.20000000298023224,3.869565625791438e-05,0.004380618222057819,0.0001092103193514049,0.00854281522333622,0.09648492187261581
0,536,-0.20000000298023224,0.000244898401433602,0.01858377456665039,-0.00047816598089411855,0.03812388330698013,0.2005404233932495
0,537,-0.20000000298023224,-0.00014049546734895557,0.008215745911002159,-0.0011127146426588297,0.01865692064166069,0.07448023557662964
0,538,-0.20000000298023224,-2.4227676476584747e-05,0.018340623006224632,-0.0002802321978379041,0.03724171221256256,0.03515902906656265
0,539,-0.20000000298023224,-8.189360232790932e-05,0.03297555446624756,0.0004993272013962269,0.06495245546102524,0.047437261790037155
0,540,0.07500000298023224,-1.936410080816131e-05,0.07027390599250793,-0.0004923896049149334,0.14153259992599487,0.12221019715070724
0,541,-0.20000000298023224,0.00011529705079738051,0.26847952604293823,-0.0003561329504009336,0.5376712679862976,0.09906245768070221
0,542,-0.20000000298023224,-9.114354907069355e-05,0.049885183572769165,6.377238605637103e-05,0.09964283555746078,0.19833217561244965
0,543,-0.20000000298023224,-0.004018224310129881,0.1926439255475998,-0.0022642314434051514,0.3898162841796875,0.724472165107727
0,544,0.0822727307677269,0.0010773760732263327,0.06108665466308594,-0.0016018332680687308,0.12537698447704315,0.19867411255836487
0,545,-0.20000000298023224,0.00019118579803034663,0.020222514867782593,-0.0001639884285395965,0.04077300429344177,0.25527387857437134
0,546,-0.20000000298023224,0.00016220234101638198,0.012904217466711998,-0.00010819755698321387,0.02602482959628105,0.21744346618652344
0,547,-0.20000000298023224,-6.661477527813986e-05,0.06717902421951294,-0.0021515777334570885,0.1386612057685852,0.11450336873531342
0,548,-0.20000000298023224,0.002301485277712345,0.6859350204467773,-0.0073186494410037994,1.3865073919296265,0.11973874270915985
0,549,-0.20000000298023224,-0.00037943277857266366,0.02717708796262741,0.00024216485326178372,0.05386985093355179,0.10080647468566895
0,550,-0.20000000298023224,-0.0006133739370852709,0.012098034843802452,0.000602209591306746,0.02299165353178978,0.18024633824825287
0,551,-0.20000000298023224,-4.1187267925124615e-05,0.012445518746972084,8.111644274322316e-05,0.0247288029640913,0.044964760541915894
0,552,-0.20000000298023224,-7.93716317275539e-05,0.012560988776385784,-3.536744770826772e-05,0.025192713364958763,0.19273445010185242
0,553,-0.20000000298023224,7.4907684393110685e-06,0.010340435430407524,9.376241905556526e-06,0.02066211961209774,0.20270147919654846
0,554,-0.20000000298023224,0.0002892336342483759,0.006786740384995937,-0.002722213976085186,0.019017908722162247,0.07220237702131271
0,555,-0.20000000298023224,-0.00030642544152215123,0.010356616228818893,-0.00023498336668126285,0.021183200180530548,0.20932364463806152
0,556,-0.20000000298023224,1.166089168691542e-05,0.004449085332453251,-0.00013358655269257724,0.009165343828499317,0.11304794251918793
0,557,-0.20000000298023224,-0.00041887862607836723,0.011106101796030998,-0.00018791554612107575,0.022588033229112625,0.20067265629768372
0,558,-0.20000000298023224,0.0007678017718717456,0.010620804503560066,-0.00033592263935133815,0.021913453936576843,0.29593437910079956
0,559,-0.20000000298023224,-0.00053860351908952,0.011044181883335114,-0.000629731104709208,0.023347828537225723,0.2167513370513916
0,560,-0.20000000298023224,-0.0004013126890640706,0.010591447353363037,-0.0003091547405347228,0.02180120348930359,0.17982769012451172
0,561,-0.20000000298023224,5.596091068582609e-05,0.03263549134135246,-0.0003911196836270392,0.06605322659015656,0.07507216930389404
0,562,-0.20000000298023224,9.622729703551158e-05,0.006211130879819393,-0.00036969344364479184,0.01316164806485176,0.0881463885307312
0,563,-0.20000000298023224,7.624937279615551e-05,0.001821698504500091,-0.0004181908443570137,0.004479778930544853,0.11131402105093002
0,564,-0.20000000298023224,8.287331729661673e-05,0.04520662873983383,-0.00029987056041136384,0.09101299941539764,0.0719536691904068
0,565,-0.20000000298023224,-0.00014165669563226402,0.005308710038661957,-0.002513761166483164,0.015644943341612816,0.15581965446472168
0,566,-0.20000000298023224,-0.00011896459909621626,0.003110655350610614,-0.00011250743409618735,0.006446325685828924,0.09663831442594528
0,567,-0.20000000298023224,-0.00016523245722055435,0.003198610618710518,-0.0003062607429455966,0.0070097437128424644,0.09474556893110275
0,568,-0.20000000298023224,-1.7684193153399974e-05,0.016326796263456345,-1.7418709603589377e-06,0.03265707939863205,0.15888115763664246
0,569,-0.20000000298023224,-4.33759851148352e-05,0.007603737525641918,9.256303019355983e-05,0.015022347681224346,0.09161024540662766
0,570,-0.20000000298023224,0.00013490623678080738,0.029826685786247253,-4.981253732694313e-05,0.059752997010946274,0.14396631717681885
0,571,-0.20000000298023224,4.7661131247878075e-05,0.010317560285329819,1.9927003449993208e-05,0.020595267415046692,0.10740393400192261
0,572,-0.20000000298023224,-8.232457184931263e-05,0.010861454531550407,-0.000577723840251565,0.022878354415297508,0.045665085315704346
0,573,-0.20000000298023224,8.524351142114028e-05,0.02469979226589203,4.374587206257274e-06,0.04939083755016327,0.17770221829414368
0,574,0.0,0.00047693756641820073,0.1886805146932602,-0.0006203909288160503,0.3786017894744873,0.24389061331748962
0,575,0.0,-2.7454429073259234e-05,0.13205395638942719,-5.7222943723900244e-05,0.2642223536968231,0.1205710917711258
0,576,-0.20000000298023224,0.000193536514416337,0.011020645499229431,-0.0005073106149211526,0.02305591106414795,0.17427456378936768
0,577,0.0,4.5467595555237494e-06,0.05773788318037987,-0.000306106434436515,0.11608797311782837,0.11820338666439056
0,578,-0.20000000298023224,-0.00022005115170031786,0.009965581819415092,-0.00018090696539729834,0.02029297687113285,0.21801118552684784
0,579,-0.20000000298023224,0.00018324800475966185,0.012821274809539318,-0.0001848349056672305,0.02601221762597561,0.23088222742080688
0,580,-0.20000000298023224,-6.549654062837362e-05,0.01916668936610222,-0.0001948879798874259,0.03872315213084221,0.20090726017951965
0,581,-0.20000000298023224,3.6897428799420595e-05,0.020748566836118698,-9.873422095552087e-05,0.041694603860378265,0.0701398104429245
0,582,-0.20000000298023224,-0.0001098829525290057,0.012767634354531765,-0.0009534006239846349,0.027442071586847305,0.040550827980041504
0,583,-0.20000000298023224,-0.00020421537919901311,0.0062561496160924435,-0.0017984419828280807,0.016109183430671692,0.07027877867221832
0,584,-0.20000000298023224,-0.00038944100379012525,0.0054705096408724785,-0.00034738503745757043,0.011635789647698402,0.16362899541854858
0,585,-0.20000000298023224,-0.00021371942420955747,0.0038433473091572523,-0.0012626349925994873,0.010211965069174767,0.06866100430488586
0,586,-0.20000000298023224,-7.262240978889167e-05,0.013384049758315086,-0.0002713436842896044,0.02731078676879406,0.17747239768505096
0,587,-0.20000000298023224,-7.50921608414501e-05,0.008601931855082512,-0.00046067507355473936,0.01812521368265152,0.03848004341125488
0,588,-0.20000000298023224,1.932725172082428e-05,0.01737828180193901,-7.048356928862631e-05,0.03489752858877182,0.14348354935646057
0,589,-0.20000000298023224,5.723637877963483e-05,0.014359096996486187,-6.969723472138867e-05,0.02885758876800537,0.144802987575531
0,590,-0.20000000298023224,0.00013683164434041828,0.00622334610670805,3.58178440365009e-05,0.012375055812299252,0.11502974480390549
0,591,-0.20000000298023224,3.6035687571711605e-06,0.005064206197857857,2.7264633899903856e-05,0.010073883458971977,0.03597617894411087
0,592,-0.20000000298023224,2.590547410363797e-06,0.0028212580364197493,2.4381839466514066e-05,0.005593752022832632,0.08163072913885117
0,593,-0.20000000298023224,3.2249179639620706e-05,0.0021037482656538486,-3.1532839784631506e-05,0.004270561970770359,0.09027116000652313
0,594,-0.20000000298023224,-0.00015438313130289316,0.03517162427306175,-0.00030819917446933687,0.0709596499800682,0.21754786372184753
0,595,-0.20000000298023224,-0.00035337533336132765,0.010695105418562889,-0.0002765344688668847,0.02194327674806118,0.18866537511348724
0,596,-0.20000000298023224,6.794366345275193e-05,0.002830707933753729,-8.252735824498814e-06,0.005677920766174793,0.08286577463150024
0,597,-0.20000000298023224,0.00028971736901439726,0.03255182132124901,-0.0008524119621142745,0.06680846214294434,0.4134314954280853
0,598,-0.20000000298023224,2.6299596356693655e-05,0.004600870423018932,2.0106168449274264e-05,0.009161529131233692,0.04353233426809311
0,599,-0.20000000298023224,-0.00021723871759604663,0.011533222161233425,-4.288984200684354e-05,0.023152222856879234,0.14458471536636353
0,600,-0.20000000298023224,-9.986623626900837e-05,0.007601263001561165,-8.284089562948793e-05,0.015368208289146423,0.1165710911154747
0,601,-0.20000000298023224,-1.2089374649804085e-05,0.014073679223656654,-5.7673340052133426e-05,0.028262704610824585,0.03173664212226868
0,602,-0.20000000298023224,0.00042313578887842596,0.054750844836235046,-0.003002159297466278,0.11550600826740265,0.05888712406158447
0,603,-0.20000000298023224,1.3210241377237253e-05,0.0012240959331393242,-0.0012994580902159214,0.005047108046710491,0.08602637052536011
0,604,-0.20000000298023224,-0.0001046559918904677,0.006701046135276556,0.00010621306137181818,0.013189665973186493,0.040192604064941406
0,605,-0.20000000298023224,-0.00012214528396725655,0.0025869952514767647,-0.0001154611527454108,0.005404913332313299,0.08140356093645096
0,606,-0.20000000298023224,-0.0001014630397548899,0.005072282161563635,-0.00038341194158419967,0.010911388322710991,0.03838851675391197
0,607,0.0,0.0002807312994264066,0.08616611361503601,-0.00016190441965591162,0.17265604436397552,0.15025874972343445
0,608,-0.20000000298023224,0.0003579582553356886,0.0352814607322216,-6.238013156689703e-05,0.0706876814365387,0.18595802783966064
0,609,-0.20000000298023224,5.344815144781023e-05,0.0013516098260879517,-0.00022679408721160144,0.003156807739287615,0.08974533528089523
0,610,-0.20000000298023224,3.597039176383987e-05,0.005667843855917454,0.00012454501120373607,0.011086598038673401,0.03736229985952377
0,611,-0.20000000298023224,1.3463471077557188e-05,0.00493428111076355,-0.001368722296319902,0.012606006115674973,0.20106256008148193
0,612,-0.20000000298023224,-0.00027075991965830326,0.012761401943862438,-0.00032926833955571055,0.02618134394288063,0.16995882987976074
0,613,-0.20000000298023224,-0.00010174635099247098,0.008908272720873356,-0.00017095966904889792,0.01815846562385559,0.19218307733535767
0,614,-0.20000000298023224,0.00010259015107294545,0.0025280695408582687,-0.0002569408970884979,0.005570020526647568,0.09536757320165634
0,615,-0.20000000298023224,3.4826061892090365e-05,0.0028628685977309942,0.00011112887295894325,0.005503479391336441,0.07558035105466843
0,616,-0.20000000298023224,-8.318739673995879e-06,0.005402408540248871,-4.780689414474182e-05,0.010900430381298065,0.032352104783058167
0,617,-0.20000000298023224,-7.48542879591696e-05,0.014240412041544914,0.00023526206496171653,0.028010299429297447,0.07184102386236191
0,618,-0.20000000298023224,5.6844331993488595e-05,0.005325844045728445,0.00011888518201885745,0.01041391771286726,0.06897984445095062
0,619,-0.20000000298023224,-2.600467632873915e-05,0.011828369460999966,-4.9934460548684e-05,0.023756608366966248,0.12874792516231537
0,620,-0.20000000298023224,1.010653159028152e-05,0.0024466689210385084,8.711842383490875e-06,0.004875914193689823,0.03554448112845421
0,621,-0.20000000298023224,6.310571916401386e-05,0.0033569675870239735,0.0001057029512594454,0.006502529140561819,0.0382528156042099
0,622,-0.20000000298023224,-3.757044760277495e-05,0.003170430427417159,8.438119948550593e-06,0.006323984824120998,0.07060189545154572
0,623,-0.20000000298023224,6.317051884252578e-05,0.005934297572821379,0.0005585110047832131,0.010751573368906975,0.07470596581697464
0,624,-0.20000000298023224,0.00014478410594165325,0.0023385416716337204,-0.0018585612997412682,0.008394206874072552,0.04485582932829857
0,625,-0.20000000298023224,-0.00011571413779165596,0.021412130445241928,-9.928912913892418e-05,0.04302283376455307,0.13787122070789337
0,626,-0.20000000298023224,-0.0002271184348501265,0.019724365323781967,-0.0005886254366487265,0.040625981986522675,0.1495387703180313
0,627,-0.20000000298023224,-4.056620309711434e-05,0.002821543952450156,-0.0006910873344168067,0.007025261875241995,0.09008925408124924
0,628,-0.20000000298023224,9.8650976724457e-05,0.01725601777434349,-0.0003121980116702616,0.03513643145561218,0.0721958577632904
0,629,-0.20000000298023224,7.618704694323242e-05,0.003281803335994482,0.0004885350354015827,0.005586536135524511,0.03617924451828003
0,630,-0.20000000298023224,-4.4890199205838144e-05,0.0039307973347604275,-2.8039145036018454e-05,0.007917673327028751,0.15821103751659393
0,631,-0.20000000298023224,8.038153464440256e-05,0.002849200274795294,-0.0007559495861642063,0.007210299372673035,0.12682616710662842
0,632,-0.20000000298023224,-1.5578871170873754e-05,0.00250294990837574,-2.0442100776563166e-06,0.005009987857192755,0.0395161509513855
0,633,-0.20000000298023224,-5.210798917687498e-05,0.003970957361161709,-0.0003916721325367689,0.008725258521735668,0.04560970515012741
0,634,-0.20000000298023224,-5.1316965254954994e-05,0.00228083785623312,-9.903780664899386e-06,0.004581483080983162,0.039211757481098175
0,635,-0.20000000298023224,5.416557542048395e-05,0.004966855980455875,-0.00038660079007968307,0.010706912726163864,0.16297399997711182
0,636,-0.20000000298023224,-1.632150451769121e-05,0.004784724675118923,0.00011358864139765501,0.009342271834611893,0.1630772054195404
0,637,-0.20000000298023224,-3.7306097510736436e-05,0.0019374825060367584,-0.0002687526575755328,0.004412470385432243,0.03573212772607803
0,638,-0.20000000298023224,-2.132392864950816e-06,0.0022188222501426935,8.841986709740013e-05,0.004260804504156113,0.07943493127822876
0,639,-0.20000000298023224,2.648155714268796e-05,0.002359404694288969,-0.0001566327700857073,0.0050320751033723354,0.12467309832572937
0,640,-0.20000000298023224,3.9311205910053104e-05,0.001654637511819601,-0.0010400251485407352,0.005389325320720673,0.13707759976387024
0,641,-0.20000000298023224,-0.00011207225907128304,0.006287315394729376,-0.00013382700853981078,0.012842285446822643,0.16461732983589172
0,642,-0.20000000298023224,-0.00015444608288817108,0.005038043018430471,2.282348577864468e-05,0.010030439123511314,0.16309848427772522
0,643,-0.20000000298023224,0.00023535042419098318,0.004374366253614426,0.00045278502511791885,0.00784316286444664,0.1631207913160324
0,644,0.07500000298023224,-4.83463954878971e-05,0.09191735833883286,-0.00015630305279046297,0.18414732813835144,0.17069558799266815
0,645,-0.20000000298023224,6.720876172039425e-06,0.001728723058477044,-0.0001498954661656171,0.003757237223908305,0.09599411487579346
0,646,-0.20000000298023224,-4.0753475332167e-05,0.005682030227035284,-3.1932229376252508e-06,0.011370446532964706,0.15498387813568115
0,647,0.0,7.212543278001249e-05,0.04037465527653694,-0.0005746457609347999,0.08189859986305237,0.11846204847097397
0,648,0.08088235557079315,9.553211566526443e-05,0.05508289858698845,-0.00019581863307394087,0.1105574369430542,0.18245838582515717
0,649,-0.20000000298023224,0.00010430698603158817,0.0026395616587251425,-0.0007250786293298006,0.006729280576109886,0.03868276625871658
0,650,-0.20000000298023224,0.00018469923816155642,0.0019065694650635123,-0.0015043793246150017,0.006821897812187672,0.04083484411239624
0,651,-0.20000000298023224,3.747108348761685e-05,0.0027970250230282545,-0.0002018081722781062,0.005997666157782078,0.03991716355085373
0,652,-0.20000000298023224,-6.843628852948314e-06,0.004769634455442429,-7.900629134383053e-05,0.009697281755506992,0.14719712734222412
0,653,-0.20000000298023224,2.4108918296406046e-05,0.003711441531777382,-0.00022372714010998607,0.007870337925851345,0.14702998101711273
0,654,-0.20000000298023224,0.00011296982120256871,0.003622495336458087,-0.00038143989513628185,0.008007870987057686,0.042881108820438385
0,655,-0.20000000298023224,-0.00016893097199499607,0.009236404672265053,-0.000259035499766469,0.018990879878401756,0.12831100821495056
0,656,-0.20000000298023224,0.00012359648826532066,0.0026724361814558506,-0.0006240576039999723,0.006592987105250359,0.08766506612300873
0,657,-0.20000000298023224,0.00011674022971419618,0.0017888862639665604,-0.00013436916924547404,0.0038465107791125774,0.040845826268196106
0,658,-0.09444444626569748,0.00043369142804294825,0.8019595146179199,-0.0009790272451937199,1.605877161026001,0.43233639001846313
0,659,-0.20000000298023224,7.499830098822713e-05,0.014469048008322716,-6.793296961404849e-06,0.028951682150363922,0.15151773393154144
0,660,0.0,-0.00031269059400074184,1.3824841976165771,-0.0008372669108211994,2.7666425704956055,0.2795887887477875
0,661,-0.20000000298023224,-7.017943971732166e-06,0.003977361135184765,-6.263892828428652e-06,0.007967249490320683,0.02959011308848858
0,662,-0.20000000298023224,-3.0016686650924385e-05,0.004712590016424656,-0.00028788152849301696,0.010000943206250668,0.173595130443573
0,663,-0.20000000298023224,3.219974314561114e-05,0.006162890698760748,5.286080340738408e-05,0.01222006045281887,0.15942597389221191
0,664,-0.20000000298023224,6.443071470130235e-05,0.004029517062008381,-9.089393279282376e-05,0.008240821771323681,0.14232903718948364
0,665,0.175423726439476,0.00017239025328308344,0.10135029256343842,-0.0011618154821917415,0.20502421259880066,0.21862678229808807
0,666,-0.20000000298023224,-0.00011237512080697343,0.007535198237746954,0.00017496844520792365,0.014720460399985313,0.13887569308280945
0,667,0.01666666753590107,3.170269701513462e-05,0.049995433539152145,-0.000931216636672616,0.10185331106185913,0.15365569293498993
0,668,0.010112359188497066,0.00037822191370651126,0.1264510154724121,-0.0017851265147328377,0.25647228956222534,0.19792471826076508
0,669,-0.20000000298023224,-3.194011878804304e-05,0.0037492839619517326,-0.00013307397603057325,0.007764715701341629,0.16034996509552002
0,670,0.0,0.00018967017240356654,0.09669231623411179,-0.00042270481935702264,0.19423004984855652,0.11983724683523178
0,671,-0.20000000298023224,-4.7784757043700665e-05,0.0015501821180805564,-0.00023874582257121801,0.003577855881303549,0.0318823903799057
0,672,-0.20000000298023224,4.9147187382914126e-05,0.009144464507699013,0.00013359152944758534,0.01802174560725689,0.18256875872612
0,673,-0.20000000298023224,-5.3515970648732036e-05,0.004462396260350943,-3.0103269637038466e-06,0.008930813521146774,0.13161394000053406
0,674,-0.20000000298023224,-5.638557922793552e-05,0.004803535062819719,0.0003754067874979228,0.008856257423758507,0.05811358615756035
0,675,-0.20000000298023224,7.410031685139984e-05,0.009302575141191483,-0.00028840405866503716,0.019181957468390465,0.17481295764446259
0,676,-0.20000000298023224,-0.00010201811528531834,0.002066640881821513,-0.00029300383175723255,0.004719289019703865,0.11003658175468445
0,677,-0.20000000298023224,4.515309410635382e-05,0.002922107232734561,-2.06865843210835e-05,0.005885588005185127,0.1549391746520996
0,678,-0.20000000298023224,1.7041274986695498e-06,0.002922390354797244,-8.711841473996174e-06,0.0058622038923203945,0.03581959009170532
0,679,-0.20000000298023224,-9.621717617847025e-05,0.004507775418460369,-0.0012022093869745731,0.011419969610869884,0.030972471460700035
0,680,-0.20000000298023224,1.3509967175195925e-05,0.003373103216290474,0.00010246368765365332,0.00654127961024642,0.15121552348136902
0,681,-0.20000000298023224,7.383546471828595e-05,0.006581060588359833,1.6145899280672893e-05,0.013129829429090023,0.1658107191324234
0,682,-0.20000000298023224,4.48341597802937e-06,0.0043220557272434235,4.237723260303028e-06,0.008635635487735271,0.1607179343700409
0,683,-0.20000000298023224,-2.5338738851132803e-05,0.0022664638236165047,2.3134532966651022e-05,0.004486658610403538,0.036768823862075806
0,684,-0.20000000298023224,-5.680518734152429e-05,0.001143753295764327,0.00021001737331971526,0.0018674717284739017,0.1062275767326355
0,685,-0.20000000298023224,-4.700131103163585e-05,0.0033864998258650303,0.0003096710715908557,0.00615365756675601,0.17507192492485046
0,686,-0.20000000298023224,9.014943498186767e-05,0.03795839101076126,-0.00015281526430044323,0.07622241228818893,0.13370749354362488
0,687,-0.20000000298023224,0.00016997037164401263,0.01133356150239706,1.7303620552411303e-05,0.02263251505792141,0.1370660960674286
0,688,-0.20000000298023224,0.00013957724149804562,0.012442342936992645,3.5744749766308814e-05,0.024813195690512657,0.14289596676826477
0,689,-0.20000000298023224,0.00013860440230928361,0.08741581439971924,0.0001005255471682176,0.17463058233261108,0.15321920812129974
0,690,-0.20000000298023224,0.00015761138638481498,0.002511341357603669,0.00028584475512616336,0.004450993146747351,0.07394532859325409
0,691,-0.20000000298023224,1.1263803571637254e-05,0.00394479651004076,7.806070243532304e-06,0.007873980328440666,0.03697025403380394
0,692,-0.20000000298023224,4.424546204973012e-05,0.0033083888702094555,0.00022701056150253862,0.006162756588310003,0.03699091076850891
0,693,-0.20000000298023224,0.0002565780305303633,0.054588139057159424,-0.00031072241836227477,0.10979773104190826,0.2502475678920746
0,694,-0.20000000298023224,0.0001852931163739413,0.0116388825699687,3.688038486870937e-05,0.023204004392027855,0.14378945529460907
0,695,-0.20000000298023224,-3.6312907468527555e-05,0.002571559976786375,-0.0001116414787247777,0.005366403143852949,0.11082810163497925
0,696,-0.20000000298023224,3.971036494476721e-05,0.005809527821838856,0.00019228637393098325,0.011234482750296593,0.19665531814098358
0,697,-0.20000000298023224,1.440019241272239e-05,0.00968125369399786,-3.5695913538802415e-05,0.019433898851275444,0.16086380183696747
0,698,0.0,-0.00014535748050548136,1.0393755435943604,-0.0008434387855231762,2.0804381370544434,0.7005681991577148
0,699,-0.20000000298023224,8.399443322559819e-05,0.008436581119894981,7.341737364185974e-05,0.016726326197385788,0.1763642281293869
0,700,-0.20000000298023224,3.899717739841435e-07,0.003634920809417963,-4.991704918211326e-05,0.007369675673544407,0.036554962396621704
0,701,-0.20000000298023224,0.00016827629588078707,0.0036148368380963802,-0.0005643487675115466,0.008358370512723923,0.11185749620199203
0,702,-0.20000000298023224,-9.57092852331698e-05,0.008070745505392551,-7.420121255563572e-05,0.01628989353775978,0.1637549251317978
0,703,-0.20000000298023224,0.00010268190817441791,0.005418296903371811,7.881592318881303e-05,0.010678961873054504,0.2049245834350586
0,704,-0.20000000298023224,5.675626016454771e-05,0.010492204688489437,-0.00012460598372854292,0.02123362198472023,0.04755222797393799
0,705,0.02857142873108387,0.0003290577733423561,0.3165071904659271,-0.0015981069300323725,0.636210560798645,0.40908655524253845
0,706,-0.20000000298023224,3.1950752600096166e-05,0.011875449679791927,0.00015995351714082062,0.023430993780493736,0.11513729393482208
0,707,-0.20000000298023224,-0.00020093575585633516,0.0072718169540166855,-0.00018408340110909194,0.014911800622940063,0.17636196315288544
0,708,-0.20000000298023224,-5.450572643894702e-05,0.004476101603358984,-2.4525541448383592e-05,0.009001253172755241,0.1844353973865509
0,709,-0.18301886320114136,-9.86647792160511e-05,0.02162611484527588,-2.4127406504703686e-05,0.04330049082636833,0.11923696100711823
0,710,-0.20000000298023224,-6.44529500277713e-05,0.0077777886763215065,0.0005505282897502184,0.014454520307481289,0.22225165367126465
0,711,-0.20000000298023224,0.00011669497325783595,0.001813418697565794,-0.00041145976865664124,0.004449756816029549,0.08980756253004074
0,712,-0.20000000298023224,0.00018811659538187087,0.008234171196818352,8.827428973745555e-05,0.016291793435811996,0.19080917537212372
0,713,-0.20000000298023224,6.617202598135918e-05,0.006480415351688862,-6.538609886774793e-05,0.01309160329401493,0.1738414615392685
0,714,-0.20000000298023224,0.0001307422062382102,0.00748054776340723,-0.0001228690962307155,0.015206834301352501,0.1397089660167694
0,715,-0.20000000298023224,5.6322867749258876e-05,0.004720776341855526,-0.0007967168348841369,0.01103498600423336,0.06437763571739197
0,716,-0.20000000298023224,1.418937426933553e-05,0.0027259159833192825,7.711510988883674e-06,0.005436408799141645,0.036260806024074554
0,717,-0.20000000298023224,2.806574775604531e-05,0.005369407590478659,2.3278857952391263e-06,0.01073415856808424,0.17261163890361786
0,718,-0.20000000298023224,-7.769546937197447e-05,0.005407612770795822,-3.9226932130986825e-05,0.010893679223954678,0.16638994216918945
0,719,-0.20000000298023224,0.00010099432984134182,0.001071999897249043,-0.00025406433269381523,0.002652128227055073,0.09484301507472992
0,720,-0.20000000298023224,-0.0001388783275615424,0.004860834218561649,-8.795453322818503e-05,0.00989757850766182,0.16508129239082336
0,721,-0.20000000298023224,-0.00011863152030855417,0.0032435597386211157,9.407596371602267e-05,0.006298967637121677,0.07309238612651825
0,722,-0.20000000298023224,-3.851712790492456e-06,0.002724271034821868,-2.2470134354080074e-05,0.005493482109159231,0.0386674702167511
0,723,-0.20000000298023224,-6.034674515831284e-05,0.0033148282673209906,5.034504283685237e-05,0.006528966128826141,0.18742650747299194
